Workbook

Sheet Yearly
A1: Year | B1: Nifty 50 | C1: Nifty PE | D1: Nifty PB | E1: 10yr Yeild | F1: Buffett Indicator | G1: Earning Yeild | H1: BEER ratio | I1: Percentile | M1: Valuation Score | N1: Nifty | O1: Nifty aft 5yr | P1: Future 5yr CAGR
I2: PE | J2: PB | K2: BEER | L2: Buffett
A3: 2000 | B3: 1263.55 | C3: 19.2 | D3: 4.14 | E3: 0.1088 | F3: 48.17475 | G3: =(1/C3) -> 0.052083333 | H3: =G3/E3 -> 0.47870711 | I3: =_xlfn.PERCENTRANK.INC($C$3:$C$28,C3) -> 0.32 | J3: =_xlfn.PERCENTRANK.INC($D$3:$D$28,D3) -> 0.8 | K3: =_xlfn.PERCENTRANK.INC($H$3:$H$28,H3) -> 0.08 | L3: =_xlfn.PERCENTRANK.INC($F$3:$F$28,F3) -> 0.08 | M3: =(I3*0.4)+(J3*0.2)+(K3*0.2)+((1-L3)*0.2) -> 0.488 | N3: 1263.55 | O3: 2836.55 | P3: =(O3/N3)^(1/5)-1 -> 0.17554593
A4: 2001 | B4: 1059.05 | C4: 15.35 | D4: 2.38 | E4: 0.07939 | F4: 30.646752 | G4: =(1/C4) -> 0.06514658 | H4: =G4/E4 -> 0.82058924 | I4: =_xlfn.PERCENTRANK.INC($C$3:$C$28,C4) -> 0.12 | J4: =_xlfn.PERCENTRANK.INC($D$3:$D$28,D4) -> 0 | K4: =_xlfn.PERCENTRANK.INC($H$3:$H$28,H4) -> 0.84 | L4: =_xlfn.PERCENTRANK.INC($F$3:$F$28,F4) -> 0 | M4: =(I4*0.4)+(J4*0.2)+(K4*0.2)+((1-L4)*0.2) -> 0.416 | N4: 1059.05 | O4: 3966.4 | P4: =(O4/N4)^(1/5)-1 -> 0.30225493
A5: 2002 | B5: 1093.5 | C5: 14.83 | D5: 2.39 | E5: 0.06083 | F5: 33.438061 | G5: =(1/C5) -> 0.067430883 | H5: =G5/E5 -> 1.1085136 | I5: =_xlfn.PERCENTRANK.INC($C$3:$C$28,C5) -> 0.04 | J5: =_xlfn.PERCENTRANK.INC($D$3:$D$28,D5) -> 0.04 | K5: =_xlfn.PERCENTRANK.INC($H$3:$H$28,H5) -> 0.96 | L5: =_xlfn.PERCENTRANK.INC($F$3:$F$28,F5) -> 0.04 | M5: =(I5*0.4)+(J5*0.2)+(K5*0.2)+((1-L5)*0.2) -> 0.408 | N5: 1093.5 | O5: 6138.6 | P5: =(O5/N5)^(1/5)-1 -> 0.41205011
A6: 2003 | B6: 1879.75 | C6: 20.73 | D6: 4.05 | E6: 0.05122 | F6: 50.846571 | G6: =(1/C6) -> 0.048239267 | H6: =G6/E6 -> 0.94180529 | I6: =_xlfn.PERCENTRANK.INC($C$3:$C$28,C6) -> 0.36 | J6: =_xlfn.PERCENTRANK.INC($D$3:$D$28,D6) -> 0.76 | K6: =_xlfn.PERCENTRANK.INC($H$3:$H$28,H6) -> 0.88 | L6: =_xlfn.PERCENTRANK.INC($F$3:$F$28,F6) -> 0.12 | M6: =(I6*0.4)+(J6*0.2)+(K6*0.2)+((1-L6)*0.2) -> 0.648 | N6: 1879.75 | O6: 2959.15 | P6: =(O6/N6)^(1/5)-1 -> 0.09499813
A7: 2004 | B7: 2080.5 | C7: 15.32 | D7: 3.61 | E7: 0.06706 | F7: 58.597294 | G7: =(1/C7) -> 0.065274151 | H7: =G7/E7 -> 0.97336939 | I7: =_xlfn.PERCENTRANK.INC($C$3:$C$28,C7) -> 0.08 | J7: =_xlfn.PERCENTRANK.INC($D$3:$D$28,D7) -> 0.52 | K7: =_xlfn.PERCENTRANK.INC($H$3:$H$28,H7) -> 0.92 | L7: =_xlfn.PERCENTRANK.INC($F$3:$F$28,F7) -> 0.16 | M7: =(I7*0.4)+(J7*0.2)+(K7*0.2)+((1-L7)*0.2) -> 0.488 | N7: 2080.5 | O7: 5201.05 | P7: =(O7/N7)^(1/5)-1 -> 0.2011152
A8: 2005 | B8: 2836.55 | C8: 17.16 | D8: 4.37 | E8: 0.0711 | F8: 76.152115 | G8: =(1/C8) -> 0.058275058 | H8: =G8/E8 -> 0.81962107 | I8: =_xlfn.PERCENTRANK.INC($C$3:$C$28,C8) -> 0.2 | J8: =_xlfn.PERCENTRANK.INC($D$3:$D$28,D8) -> 0.88 | K8: =_xlfn.PERCENTRANK.INC($H$3:$H$28,H8) -> 0.8 | L8: =_xlfn.PERCENTRANK.INC($F$3:$F$28,F8) -> 0.4 | M8: =(I8*0.4)+(J8*0.2)+(K8*0.2)+((1-L8)*0.2) -> 0.536 | N8: 2836.55 | O8: 6134.5 | P8: =(O8/N8)^(1/5)-1 -> 0.16680356
A9: 2006 | B9: 3966.4 | C9: 21.26 | D9: 5.07 | E9: 0.07619 | F9: 95.215152 | G9: =(1/C9) -> 0.047036689 | H9: =G9/E9 -> 0.6173604 | I9: =_xlfn.PERCENTRANK.INC($C$3:$C$28,C9) -> 0.44 | J9: =_xlfn.PERCENTRANK.INC($D$3:$D$28,D9) -> 0.96 | K9: =_xlfn.PERCENTRANK.INC($H$3:$H$28,H9) -> 0.48 | L9: =_xlfn.PERCENTRANK.INC($F$3:$F$28,F9) -> 0.56 | M9: =(I9*0.4)+(J9*0.2)+(K9*0.2)+((1-L9)*0.2) -> 0.552 | N9: 3966.4 | O9: 4624.3 | P9: =(O9/N9)^(1/5)-1 -> 0.031169119
A10: 2007 | B10: 6138.6 | C10: 27.62 | D10: 6.39 | E10: 0.07791 | F10: 161.23945 | G10: =(1/C10) -> 0.036205648 | H10: =G10/E10 -> 0.46471118 | I10: =_xlfn.PERCENTRANK.INC($C$3:$C$28,C10) -> 0.92 | J10: =_xlfn.PERCENTRANK.INC($D$3:$D$28,D10) -> 1 | K10: =_xlfn.PERCENTRANK.INC($H$3:$H$28,H10) -> 0.04 | L10: =_xlfn.PERCENTRANK.INC($F$3:$F$28,F10) -> 1 | M10: =(I10*0.4)+(J10*0.2)+(K10*0.2)+((1-L10)*0.2) -> 0.576 | N10: 6138.6 | O10: 5905.1 | P10: =(O10/N10)^(1/5)-1 -> -0.0077260631
A11: 2008 | B11: 2959.15 | C11: 12.97 | D11: 2.44 | E11: 0.0526 | F11: 66.003104 | G11: =(1/C11) -> 0.077101002 | H11: =G11/E11 -> 1.4657985 | I11: =_xlfn.PERCENTRANK.INC($C$3:$C$28,C11) -> 0 | J11: =_xlfn.PERCENTRANK.INC($D$3:$D$28,D11) -> 0.08 | K11: =_xlfn.PERCENTRANK.INC($H$3:$H$28,H11) -> 1 | L11: =_xlfn.PERCENTRANK.INC($F$3:$F$28,F11) -> 0.2 | M11: =(I11*0.4)+(J11*0.2)+(K11*0.2)+((1-L11)*0.2) -> 0.376 | N11: 2959.15 | O11: 6304 | P11: =(O11/N11)^(1/5)-1 -> 0.16329496
A12: 2009 | B12: 5201.05 | C12: 23.17 | D12: 3.65 | E12: 0.07679 | F12: 101.89449 | G12: =(1/C12) -> 0.043159258 | H12: =G12/E12 -> 0.56204268 | I12: =_xlfn.PERCENTRANK.INC($C$3:$C$28,C12) -> 0.68 | J12: =_xlfn.PERCENTRANK.INC($D$3:$D$28,D12) -> 0.56 | K12: =_xlfn.PERCENTRANK.INC($H$3:$H$28,H12) -> 0.28 | L12: =_xlfn.PERCENTRANK.INC($F$3:$F$28,F12) -> 0.72 | M12: =(I12*0.4)+(J12*0.2)+(K12*0.2)+((1-L12)*0.2) -> 0.496 | N12: 5201.05 | O12: 8282.7 | P12: =(O12/N12)^(1/5)-1 -> 0.097529445
A13: 2010 | B13: 6134.5 | C13: 24.48 | D13: 3.87 | E13: 0.07913 | F13: 105.18295 | G13: =(1/C13) -> 0.040849673 | H13: =G13/E13 -> 0.51623497 | I13: =_xlfn.PERCENTRANK.INC($C$3:$C$28,C13) -> 0.8 | J13: =_xlfn.PERCENTRANK.INC($D$3:$D$28,D13) -> 0.68 | K13: =_xlfn.PERCENTRANK.INC($H$3:$H$28,H13) -> 0.16 | L13: =_xlfn.PERCENTRANK.INC($F$3:$F$28,F13) -> 0.76 | M13: =(I13*0.4)+(J13*0.2)+(K13*0.2)+((1-L13)*0.2) -> 0.536 | N13: 6134.5 | O13: 7964.35 | P13: =(O13/N13)^(1/5)-1 -> 0.053596291
A14: 2011 | B14: 4624.3 | C14: 16.75 | D14: 2.76 | E14: 0.0856 | F14: 68.270064 | G14: =(1/C14) -> 0.059701493 | H14: =G14/E14 -> 0.69744734 | I14: =_xlfn.PERCENTRANK.INC($C$3:$C$28,C14) -> 0.16 | J14: =_xlfn.PERCENTRANK.INC($D$3:$D$28,D14) -> 0.12 | K14: =_xlfn.PERCENTRANK.INC($H$3:$H$28,H14) -> 0.72 | L14: =_xlfn.PERCENTRANK.INC($F$3:$F$28,F14) -> 0.28 | M14: =(I14*0.4)+(J14*0.2)+(K14*0.2)+((1-L14)*0.2) -> 0.376 | N14: 4624.3 | O14: 8185.8 | P14: =(O14/N14)^(1/5)-1 -> 0.12099332
... A23: 2020 | B23: 13981.75 | C23: 38.45 | D23: 3.96 | E23: 0.05894 | F23: 95.424502 | G23: =(1/C23) -> 0.026007802 | H23: =G23/E23 -> 0.44125895 | I23: =_xlfn.PERCENTRANK.INC($C$3:$C$28,C23) -> 1 | J23: =_xlfn.PERCENTRANK.INC($D$3:$D$28,D23) -> 0.72 | K23: =_xlfn.PERCENTRANK.INC($H$3:$H$28,H23) -> 0 | L23: =_xlfn.PERCENTRANK.INC($F$3:$F$28,F23) -> 0.6 | M23: =(I23*0.4)+(J23*0.2)+(K23*0.2)+((1-L23)*0.2) -> 0.624 | N23: 13981.75 | O23: 26129.6 | P23: =(O23/N23)^(1/5)-1 -> 0.13322004
A24: 2021 | B24: 17354.05 | C24: 24.11 | D24: 4.37 | E24: 0.06454 | F24: 112.02132 | G24: =(1/C24) -> 0.041476566 | H24: =G24/E24 -> 0.64264899 | I24: =_xlfn.PERCENTRANK.INC($C$3:$C$28,C24) -> 0.76 | J24: =_xlfn.PERCENTRANK.INC($D$3:$D$28,D24) -> 0.88 | K24: =_xlfn.PERCENTRANK.INC($H$3:$H$28,H24) -> 0.56 | L24: =_xlfn.PERCENTRANK.INC($F$3:$F$28,F24) -> 0.8 | M24: =(I24*0.4)+(J24*0.2)+(K24*0.2)+((1-L24)*0.2) -> 0.632 | N24: 17354.05
A25: 2022 | B25: 18105.3 | C25: 21.79 | D25: 4.25 | E25: 0.07327 | F25: 101.23306 | G25: =(1/C25) -> 0.045892611 | H25: =G25/E25 -> 0.62634927 | I25: =_xlfn.PERCENTRANK.INC($C$3:$C$28,C25) -> 0.52 | J25: =_xlfn.PERCENTRANK.INC($D$3:$D$28,D25) -> 0.84 | K25: =_xlfn.PERCENTRANK.INC($H$3:$H$28,H25) -> 0.52 | L25: =_xlfn.PERCENTRANK.INC($F$3:$F$28,F25) -> 0.68 | M25: =(I25*0.4)+(J25*0.2)+(K25*0.2)+((1-L25)*0.2) -> 0.544 | N25: 18105.3
A26: 2023 | B26: 21731.4 | C26: 23.17 | D26: 3.83 | E26: 0.07176 | F26: 119.28387 | G26: =(1/C26) -> 0.043159258 | H26: =G26/E26 -> 0.60143893 | I26: =_xlfn.PERCENTRANK.INC($C$3:$C$28,C26) -> 0.68 | J26: =_xlfn.PERCENTRANK.INC($D$3:$D$28,D26) -> 0.64 | K26: =_xlfn.PERCENTRANK.INC($H$3:$H$28,H26) -> 0.36 | L26: =_xlfn.PERCENTRANK.INC($F$3:$F$28,F26) -> 0.84 | M26: =(I26*0.4)+(J26*0.2)+(K26*0.2)+((1-L26)*0.2) -> 0.504 | N26: 21731.4
A27: 2024 | B27: 23644.8 | C27: 21.79 | D27: 3.53 | E27: 0.06759 | F27: 131.24143 | G27: =(1/C27) -> 0.045892611 | H27: =G27/E27 -> 0.67898522 | I27: =_xlfn.PERCENTRANK.INC($C$3:$C$28,C27) -> 0.52 | J27: =_xlfn.PERCENTRANK.INC($D$3:$D$28,D27) -> 0.4 | K27: =_xlfn.PERCENTRANK.INC($H$3:$H$28,H27) -> 0.68 | L27: =_xlfn.PERCENTRANK.INC($F$3:$F$28,F27) -> 0.88 | M27: =(I27*0.4)+(J27*0.2)+(K27*0.2)+((1-L27)*0.2) -> 0.448 | N27: 23644.8
A28: 2025 | B28: 26129.6 | C28: 22.75 | D28: 3.55 | E28: 0.06588 | F28: 137.7 | G28: =(1/C28) -> 0.043956044 | H28: =G28/E28 -> 0.66721378 | I28: =_xlfn.PERCENTRANK.INC($C$3:$C$28,C28) -> 0.64 | J28: =_xlfn.PERCENTRANK.INC($D$3:$D$28,D28) -> 0.44 | K28: =_xlfn.PERCENTRANK.INC($H$3:$H$28,H28) -> 0.64 | L28: =_xlfn.PERCENTRANK.INC($F$3:$F$28,F28) -> 0.92 | M28: =(I28*0.4)+(J28*0.2)+(K28*0.2)+((1-L28)*0.2) -> 0.488 | N28: 26129.6

Sheet Monthly
A1: Year | B1: Nifty 50 | C1: Nifty PE | D1: Nifty PB | E1: 10yr Yeild | F1: Buffett Indicator | G1: Earning Yeild | H1: BEER ratio | I1: Percentile | M1: Valuation Score | N1: Nifty | O1: Nifty aft 5yr | P1: Future 5yr CAGR
I2: PE | J2: PB | K2: BEER | L2: Buffett
A3: 37681 | B3: 978.2 | C3: 13.36 | D3: 2.15 | E3: 6.127 | F3: =(E3/'Yearly GDP'!$B$2)*100 -> 1189.8474 | G3: =1/C3 -> 0.074850299 | H3: =G3/E3*(100) -> 1.2216468 | I3: =_xlfn.PERCENTRANK.INC($C$3:$C$269,C3) -> 0.041 | J3: =_xlfn.PERCENTRANK.INC($D$3:$D$269,D3) -> 0.003 | K3: =_xlfn.PERCENTRANK.INC($H$3:$H$269,H3) -> 0.966 | L3: =_xlfn.PERCENTRANK.INC($F$3:$F$269,F3) -> 1 | M3: =(I3*0.4)+(J3*0.2)+(K3*0.2)+((1-L3)*0.2) -> 0.2102 | N3: 978.2 | O3: 4734.5 | P3: =(O3/N3)^(1/5)-1 -> 0.37078484
A4: 37712 | B4: 934.05 | C4: 13.14 | D4: 2.11 | E4: 5.882 | F4: =(E4/'Yearly GDP'!$B$2)*100 -> 1142.269 | G4: =1/C4 -> 0.076103501 | H4: =G4/E4*(100) -> 1.2938371 | I4: =_xlfn.PERCENTRANK.INC($C$3:$C$269,C4) -> 0.033 | J4: =_xlfn.PERCENTRANK.INC($D$3:$D$269,D4) -> 0 | K4: =_xlfn.PERCENTRANK.INC($H$3:$H$269,H4) -> 0.977 | L4: =_xlfn.PERCENTRANK.INC($F$3:$F$269,F4) -> 0.992 | M4: =(I4*0.4)+(J4*0.2)+(K4*0.2)+((1-L4)*0.2) -> 0.2102 | N4: 934.05 | O4: 5165.9 | P4: =(O4/N4)^(1/5)-1 -> 0.40784607
A5: 37742 | B5: 1006.8 | C5: 11.65 | D5: 2.17 | E5: 5.793 | F5: =(E5/'Yearly GDP'!$B$2)*100 -> 1124.9854 | G5: =1/C5 -> 0.08583691 | H5: =G5/E5*(100) -> 1.481735 | I5: =_xlfn.PERCENTRANK.INC($C$3:$C$269,C5) -> 0 | J5: =_xlfn.PERCENTRANK.INC($D$3:$D$269,D5) -> 0.007 | K5: =_xlfn.PERCENTRANK.INC($H$3:$H$269,H5) -> 0.996 | L5: =_xlfn.PERCENTRANK.INC($F$3:$F$269,F5) -> 0.984 | M5: =(I5*0.4)+(J5*0.2)+(K5*0.2)+((1-L5)*0.2) -> 0.2038 | N5: 1006.8 | O5: 4870.1 | P5: =(O5/N5)^(1/5)-1 -> 0.3706259
A6: 37773 | B6: 1134.15 | C6: 12.95 | D6: 2.44 | E6: 5.73 | F6: =(E6/'Yearly GDP'!$B$2)*100 -> 1112.751 | G6: =1/C6 -> 0.077220077 | H6: =G6/E6*(100) -> 1.3476453 | I6: =_xlfn.PERCENTRANK.INC($C$3:$C$269,C6) -> 0.022 | J6: =_xlfn.PERCENTRANK.INC($D$3:$D$269,D6) -> 0.026 | K6: =_xlfn.PERCENTRANK.INC($H$3:$H$269,H6) -> 0.981 | L6: =_xlfn.PERCENTRANK.INC($F$3:$F$269,F6) -> 0.981 | M6: =(I6*0.4)+(J6*0.2)+(K6*0.2)+((1-L6)*0.2) -> 0.214 | N6: 1134.15 | O6: 4040.55 | P6: =(O6/N6)^(1/5)-1 -> 0.28930004
A7: 37803 | B7: 1185.85 | C7: 12.84 | D7: 2.55 | E7: 5.616 | F7: =(E7/'Yearly GDP'!$B$2)*100 -> 1090.6125 | G7: =1/C7 -> 0.07788162 | H7: =G7/E7*(100) -> 1.386781 | I7: =_xlfn.PERCENTRANK.INC($C$3:$C$269,C7) -> 0.018 | J7: =_xlfn.PERCENTRANK.INC($D$3:$D$269,D7) -> 0.041 | K7: =_xlfn.PERCENTRANK.INC($H$3:$H$269,H7) -> 0.988 | L7: =_xlfn.PERCENTRANK.INC($F$3:$F$269,F7) -> 0.973 | M7: =(I7*0.4)+(J7*0.2)+(K7*0.2)+((1-L7)*0.2) -> 0.2184 | N7: 1185.85 | O7: 4332.95 | P7: =(O7/N7)^(1/5)-1 -> 0.29583822
A8: 37834 | B8: 1356.55 | C8: 14.95 | D8: 2.92 | E8: 5.282 | F8: =(E8/'Yearly GDP'!$B$2)*100 -> 1025.7506 | G8: =1/C8 -> 0.066889632 | H8: =G8/E8*(100) -> 1.2663694 | I8: =_xlfn.PERCENTRANK.INC($C$3:$C$269,C8) -> 0.093 | J8: =_xlfn.PERCENTRANK.INC($D$3:$D$269,D8) -> 0.097 | K8: =_xlfn.PERCENTRANK.INC($H$3:$H$269,H8) -> 0.973 | L8: =_xlfn.PERCENTRANK.INC($F$3:$F$269,F8) -> 0.966 | M8: =(I8*0.4)+(J8*0.2)+(K8*0.2)+((1-L8)*0.2) -> 0.258 | N8: 1356.55 | O8: 4360 | P8: =(O8/N8)^(1/5)-1 -> 0.26301974
A9: 37865 | B9: 1417.1 | C9: 15.61 | D9: 3.05 | E9: 5.174 | F9: =(E9/'Yearly GDP'!$B$2)*100 -> 1004.7773 | G9: =1/C9 -> 0.064061499 | H9: =G9/E9*(100) -> 1.2381426 | I9: =_xlfn.PERCENTRANK.INC($C$3:$C$269,C9) -> 0.105 | J9: =_xlfn.PERCENTRANK.INC($D$3:$D$269,D9) -> 0.172 | K9: =_xlfn.PERCENTRANK.INC($H$3:$H$269,H9) -> 0.969 | L9: =_xlfn.PERCENTRANK.INC($F$3:$F$269,F9) -> 0.954 | M9: =(I9*0.4)+(J9*0.2)+(K9*0.2)+((1-L9)*0.2) -> 0.2794 | N9: 1417.1 | O9: 3921.2 | P9: =(O9/N9)^(1/5)-1 -> 0.22575507
A10: 37895 | B10: 1555.9 | C10: 17.15 | D10: 3.35 | E10: 5.1 | F10: =(E10/'Yearly GDP'!$B$2)*100 -> 990.40665 | G10: =1/C10 -> 0.058309038 | H10: =G10/E10*(100) -> 1.1433145 | I10: =_xlfn.PERCENTRANK.INC($C$3:$C$269,C10) -> 0.15 | J10: =_xlfn.PERCENTRANK.INC($D$3:$D$269,D10) -> 0.296 | K10: =_xlfn.PERCENTRANK.INC($H$3:$H$269,H10) -> 0.943 | L10: =_xlfn.PERCENTRANK.INC($F$3:$F$269,F10) -> 0.913 | M10: =(I10*0.4)+(J10*0.2)+(K10*0.2)+((1-L10)*0.2) -> 0.3252 | N10: 1555.9 | O10: 2885.6 | P10: =(O10/N10)^(1/5)-1 -> 0.13149044
A11: 37926 | B11: 1615.25 | C11: 17.81 | D11: 3.47 | E11: 5.147 | F11: =(E11/'Yearly GDP'!$B$2)*100 -> 999.53393 | G11: =1/C11 -> 0.056148231 | H11: =G11/E11*(100) -> 1.0908924 | I11: =_xlfn.PERCENTRANK.INC($C$3:$C$269,C11) -> 0.199 | J11: =_xlfn.PERCENTRANK.INC($D$3:$D$269,D11) -> 0.398 | K11: =_xlfn.PERCENTRANK.INC($H$3:$H$269,H11) -> 0.936 | L11: =_xlfn.PERCENTRANK.INC($F$3:$F$269,F11) -> 0.928 | M11: =(I11*0.4)+(J11*0.2)+(K11*0.2)+((1-L11)*0.2) -> 0.3608 | N11: 1615.25 | O11: 2755.1 | P11: =(O11/N11)^(1/5)-1 -> 0.11270368
A12: 37956 | B12: 1879.75 | C12: 20.73 | D12: 4.05 | E12: 5.122 | F12: =(E12/'Yearly GDP'!$B$2)*100 -> 994.67899 | G12: =1/C12 -> 0.048239267 | H12: =G12/E12*(100) -> 0.94180529 | I12: =_xlfn.PERCENTRANK.INC($C$3:$C$269,C12) -> 0.428 | J12: =_xlfn.PERCENTRANK.INC($D$3:$D$269,D12) -> 0.763 | K12: =_xlfn.PERCENTRANK.INC($H$3:$H$269,H12) -> 0.868 | L12: =_xlfn.PERCENTRANK.INC($F$3:$F$269,F12) -> 0.921 | M12: =(I12*0.4)+(J12*0.2)+(K12*0.2)+((1-L12)*0.2) -> 0.5132 | N12: 1879.75 | O12: 2959.15 | P12: =(O12/N12)^(1/5)-1 -> 0.09499813
A13: 37987 | B13: 1809.75 | C13: 19.96 | D13: 3.9 | E13: 5.208 | F13: =(E13/'Yearly GDP'!$B$3)*100 -> 857.00181 | G13: =1/C13 -> 0.0501002 | H13: =G13/E13*(100) -> 0.96198541 | I13: =_xlfn.PERCENTRANK.INC($C$3:$C$269,C13) -> 0.342 | J13: =_xlfn.PERCENTRANK.INC($D$3:$D$269,D13) -> 0.714 | K13: =_xlfn.PERCENTRANK.INC($H$3:$H$269,H13) -> 0.875 | L13: =_xlfn.PERCENTRANK.INC($F$3:$F$269,F13) -> 0.827 | M13: =(I13*0.4)+(J13*0.2)+(K13*0.2)+((1-L13)*0.2) -> 0.4892 | N13: 1809.75 | O13: 2874.8 | P13: =(O13/N13)^(1/5)-1 -> 0.096977728
A14: 38018 | B14: 1800.3 | C14: 19.74 | D14: 3.89 | E14: 5.265 | F14: =(E14/'Yearly GDP'!$B$3)*100 -> 866.38144 | G14: =1/C14 -> 0.050658561 | H14: =G14/E14*(100) -> 0.9621759 | I14: =_xlfn.PERCENTRANK.INC($C$3:$C$269,C14) -> 0.327 | J14: =_xlfn.PERCENTRANK.INC($D$3:$D$269,D14) -> 0.706 | K14: =_xlfn.PERCENTRANK.INC($H$3:$H$269,H14) -> 0.879 | L14: =_xlfn.PERCENTRANK.INC($F$3:$F$269,F14) -> 0.834 | M14: =(I14*0.4)+(J14*0.2)+(K14*0.2)+((1-L14)*0.2) -> 0.481 | N14: 1800.3 | O14: 2763.65 | P14: =(O14/N14)^(1/5)-1 -> 0.089500997
A15: 38047 | B15: 1771.9 | C15: 20.7 | D15: 3.5 | E15: 5.147 | F15: =(E15/'Yearly GDP'!$B$3)*100 -> 846.96396 | G15: =1/C15 -> 0.048309179 | H15: =G15/E15*(100) -> 0.93858906 | I15: =_xlfn.PERCENTRANK.INC($C$3:$C$269,C15) -> 0.424 | J15: =_xlfn.PERCENTRANK.INC($D$3:$D$269,D15) -> 0.436 | K15: =_xlfn.PERCENTRANK.INC($H$3:$H$269,H15) -> 0.864 | L15: =_xlfn.PERCENTRANK.INC($F$3:$F$269,F15) -> 0.815 | M15: =(I15*0.4)+(J15*0.2)+(K15*0.2)+((1-L15)*0.2) -> 0.4666 | N15: 1771.9 | O15: 3020.95 | P15: =(O15/N15)^(1/5)-1 -> 0.11260464
A16: 38078 | B16: 1796.1 | C16: 18.68 | D16: 3.54 | E16: 5.117 | F16: =(E16/'Yearly GDP'!$B$3)*100 -> 842.02732 | G16: =1/C16 -> 0.053533191 | H16: =G16/E16*(100) -> 1.0461831 | I16: =_xlfn.PERCENTRANK.INC($C$3:$C$269,C16) -> 0.27 | J16: =_xlfn.PERCENTRANK.INC($D$3:$D$269,D16) -> 0.484 | K16: =_xlfn.PERCENTRANK.INC($H$3:$H$269,H16) -> 0.928 | L16: =_xlfn.PERCENTRANK.INC($F$3:$F$269,F16) -> 0.804 | M16: =(I16*0.4)+(J16*0.2)+(K16*0.2)+((1-L16)*0.2) -> 0.4296 | N16: 1796.1 | O16: 3473.95 | P16: =(O16/N16)^(1/5)-1 -> 0.14103406
A17: 38108 | B17: 1483.6 | C17: 11.94 | D17: 2.84 | E17: 5.274 | F17: =(E17/'Yearly GDP'!$B$3)*100 -> 867.86243 | G17: =1/C17 -> 0.083752094 | H17: =G17/E17*(100) -> 1.5880185 | I17: =_xlfn.PERCENTRANK.INC($C$3:$C$269,C17) -> 0.003 | J17: =_xlfn.PERCENTRANK.INC($D$3:$D$269,D17) -> 0.071 | K17: =_xlfn.PERCENTRANK.INC($H$3:$H$269,H17) -> 1 | L17: =_xlfn.PERCENTRANK.INC($F$3:$F$269,F17) -> 0.838 | M17: =(I17*0.4)+(J17*0.2)+(K17*0.2)+((1-L17)*0.2) -> 0.2478 | N17: 1483.6 | O17: 4448.95 | P17: =(O17/N17)^(1/5)-1 -> 0.24562736
A18: 38139 | B18: 1505.6 | C18: 12.64 | D18: 2.83 | E18: 5.85 | F18: =(E18/'Yearly GDP'!$B$3)*100 -> 962.64604 | G18: =1/C18 -> 0.079113924 | H18: =G18/E18*(100) -> 1.3523748 | I18: =_xlfn.PERCENTRANK.INC($C$3:$C$269,C18) -> 0.015 | J18: =_xlfn.PERCENTRANK.INC($D$3:$D$269,D18) -> 0.067 | K18: =_xlfn.PERCENTRANK.INC($H$3:$H$269,H18) -> 0.984 | L18: =_xlfn.PERCENTRANK.INC($F$3:$F$269,F18) -> 0.898 | M18: =(I18*0.4)+(J18*0.2)+(K18*0.2)+((1-L18)*0.2) -> 0.2366 | N18: 1505.6 | O18: 4291.1 | P18: =(O18/N18)^(1/5)-1 -> 0.23302478
A19: 38169 | B19: 1632.3 | C19: 13.63 | D19: 2.95 | E19: 6.164 | F19: =(E19/'Yearly GDP'!$B$3)*100 -> 1014.3163 | G19: =1/C19 -> 0.073367572 | H19: =G19/E19*(100) -> 1.1902591 | I19: =_xlfn.PERCENTRANK.INC($C$3:$C$269,C19) -> 0.048 | J19: =_xlfn.PERCENTRANK.INC($D$3:$D$269,D19) -> 0.112 | K19: =_xlfn.PERCENTRANK.INC($H$3:$H$269,H19) -> 0.951 | L19: =_xlfn.PERCENTRANK.INC($F$3:$F$269,F19) -> 0.958 | M19: =(I19*0.4)+(J19*0.2)+(K19*0.2)+((1-L19)*0.2) -> 0.2402 | N19: 1632.3 | O19: 4636.45 | P19: =(O19/N19)^(1/5)-1 -> 0.23218841
A20: 38200 | B20: 1631.75 | C20: 13.64 | D20: 2.95 | E20: 6.089 | F20: =(E20/'Yearly GDP'!$B$3)*100 -> 1001.9747 | G20: =1/C20 -> 0.073313783 | H20: =G20/E20*(100) -> 1.2040365 | I20: =_xlfn.PERCENTRANK.INC($C$3:$C$269,C20) -> 0.052 | J20: =_xlfn.PERCENTRANK.INC($D$3:$D$269,D20) -> 0.112 | K20: =_xlfn.PERCENTRANK.INC($H$3:$H$269,H20) -> 0.954 | L20: =_xlfn.PERCENTRANK.INC($F$3:$F$269,F20) -> 0.943 | M20: =(I20*0.4)+(J20*0.2)+(K20*0.2)+((1-L20)*0.2) -> 0.2454 | N20: 1631.75 | O20: 4662.1 | P20: =(O20/N20)^(1/5)-1 -> 0.2336319
A21: 38231 | B21: 1745.5 | C21: 14.59 | D21: 3.16 | E21: 6.244 | F21: =(E21/'Yearly GDP'!$B$3)*100 -> 1027.4807 | G21: =1/C21 -> 0.068540096 | H21: =G21/E21*(100) -> 1.0976953 | I21: =_xlfn.PERCENTRANK.INC($C$3:$C$269,C21) -> 0.075 | J21: =_xlfn.PERCENTRANK.INC($D$3:$D$269,D21) -> 0.214 | K21: =_xlfn.PERCENTRANK.INC($H$3:$H$269,H21) -> 0.939 | L21: =_xlfn.PERCENTRANK.INC($F$3:$F$269,F21) -> 0.969 | M21: =(I21*0.4)+(J21*0.2)+(K21*0.2)+((1-L21)*0.2) -> 0.2668 | N21: 1745.5 | O21: 5083.95 | P21: =(O21/N21)^(1/5)-1 -> 0.23838671
A22: 38261 | B22: 1786.9 | C22: 14.93 | D22: 3.08 | E22: 6.861 | F22: =(E22/'Yearly GDP'!$B$3)*100 -> 1129.011 | G22: =1/C22 -> 0.066979236 | H22: =G22/E22*(100) -> 0.9762314 | I22: =_xlfn.PERCENTRANK.INC($C$3:$C$269,C22) -> 0.09 | J22: =_xlfn.PERCENTRANK.INC($D$3:$D$269,D22) -> 0.176 | K22: =_xlfn.PERCENTRANK.INC($H$3:$H$269,H22) -> 0.89 | L22: =_xlfn.PERCENTRANK.INC($F$3:$F$269,F22) -> 0.988 | M22: =(I22*0.4)+(J22*0.2)+(K22*0.2)+((1-L22)*0.2) -> 0.2516 | N22: 1786.9 | O22: 4711.7 | P22: =(O22/N22)^(1/5)-1 -> 0.21399103
A23: 38292 | B23: 1958.8 | C23: 16.39 | D23: 3.38 | E23: 7.197 | F23: =(E23/'Yearly GDP'!$B$3)*100 -> 1184.3015 | G23: =1/C23 -> 0.061012813 | H23: =G23/E23*(100) -> 0.84775341 | I23: =_xlfn.PERCENTRANK.INC($C$3:$C$269,C23) -> 0.12 | J23: =_xlfn.PERCENTRANK.INC($D$3:$D$269,D23) -> 0.33 | K23: =_xlfn.PERCENTRANK.INC($H$3:$H$269,H23) -> 0.853 | L23: =_xlfn.PERCENTRANK.INC($F$3:$F$269,F23) -> 0.996 | M23: =(I23*0.4)+(J23*0.2)+(K23*0.2)+((1-L23)*0.2) -> 0.2854 | N23: 1958.8 | O23: 5032.7 | P23: =(O23/N23)^(1/5)-1 -> 0.20770869
A24: 38322 | B24: 2080.5 | C24: 15.32 | D24: 3.61 | E24: 6.706 | F24: =(E24/'Yearly GDP'!$B$3)*100 -> 1103.505 | G24: =1/C24 -> 0.065274151 | H24: =G24/E24*(100) -> 0.97336939 | I24: =_xlfn.PERCENTRANK.INC($C$3:$C$269,C24) -> 0.101 | J24: =_xlfn.PERCENTRANK.INC($D$3:$D$269,D24) -> 0.526 | K24: =_xlfn.PERCENTRANK.INC($H$3:$H$269,H24) -> 0.887 | L24: =_xlfn.PERCENTRANK.INC($F$3:$F$269,F24) -> 0.977 | M24: =(I24*0.4)+(J24*0.2)+(K24*0.2)+((1-L24)*0.2) -> 0.3276 | N24: 2080.5 | O24: 5201.05 | P24: =(O24/N24)^(1/5)-1 -> 0.2011152
A25: 38353 | B25: 2057.6 | C25: 14.68 | D25: 3.57 | E25: 6.703 | F25: =(E25/'Yearly GDP'!$B$4)*100 -> 945.2161 | G25: =1/C25 -> 0.068119891 | H25: =G25/E25*(100) -> 1.0162597 | I25: =_xlfn.PERCENTRANK.INC($C$3:$C$269,C25) -> 0.082 | J25: =_xlfn.PERCENTRANK.INC($D$3:$D$269,D25) -> 0.515 | K25: =_xlfn.PERCENTRANK.INC($H$3:$H$269,H25) -> 0.906 | L25: =_xlfn.PERCENTRANK.INC($F$3:$F$269,F25) -> 0.89 | M25: =(I25*0.4)+(J25*0.2)+(K25*0.2)+((1-L25)*0.2) -> 0.339 | N25: 2057.6 | O25: 4882.05 | P25: =(O25/N25)^(1/5)-1 -> 0.18863429
A26: 38384 | B26: 2103.25 | C26: 15.02 | D26: 3.92 | E26: 6.549 | F26: =(E26/'Yearly GDP'!$B$4)*100 -> 923.49996 | G26: =1/C26 -> 0.066577896 | H26: =G26/E26*(100) -> 1.0166116 | I26: =_xlfn.PERCENTRANK.INC($C$3:$C$269,C26) -> 0.097 | J26: =_xlfn.PERCENTRANK.INC($D$3:$D$269,D26) -> 0.721 | K26: =_xlfn.PERCENTRANK.INC($H$3:$H$269,H26) -> 0.909 | L26: =_xlfn.PERCENTRANK.INC($F$3:$F$269,F26) -> 0.868 | M26: =(I26*0.4)+(J26*0.2)+(K26*0.2)+((1-L26)*0.2) -> 0.3912 | N26: 2103.25 | O26: 4922.3 | P26: =(O26/N26)^(1/5)-1 -> 0.18537411
A27: 38412 | B27: 2035.65 | C27: 14.6 | D27: 3.82 | E27: 6.676 | F27: =(E27/'Yearly GDP'!$B$4)*100 -> 941.40873 | G27: =1/C27 -> 0.068493151 | H27: =G27/E27*(100) -> 1.0259609 | I27: =_xlfn.PERCENTRANK.INC($C$3:$C$269,C27) -> 0.078 | J27: =_xlfn.PERCENTRANK.INC($D$3:$D$269,D27) -> 0.676 | K27: =_xlfn.PERCENTRANK.INC($H$3:$H$269,H27) -> 0.917 | L27: =_xlfn.PERCENTRANK.INC($F$3:$F$269,F27) -> 0.887 | M27: =(I27*0.4)+(J27*0.2)+(K27*0.2)+((1-L27)*0.2) -> 0.3724 | N27: 2035.65 | O27: 5249.1 | P27: =(O27/N27)^(1/5)-1 -> 0.20858263
A28: 38443 | B28: 1902.5 | C28: 13.27 | D28: 3.56 | E28: 7.239 | F28: =(E28/'Yearly GDP'!$B$4)*100 -> 1020.7995 | G28: =1/C28 -> 0.07535795 | H28: =G28/E28*(100) -> 1.0409995 | I28: =_xlfn.PERCENTRANK.INC($C$3:$C$269,C28) -> 0.037 | J28: =_xlfn.PERCENTRANK.INC($D$3:$D$269,D28) -> 0.503 | K28: =_xlfn.PERCENTRANK.INC($H$3:$H$269,H28) -> 0.924 | L28: =_xlfn.PERCENTRANK.INC($F$3:$F$269,F28) -> 0.962 | M28: =(I28*0.4)+(J28*0.2)+(K28*0.2)+((1-L28)*0.2) -> 0.3078 | N28: 1902.5 | O28: 5278 | P28: =(O28/N28)^(1/5)-1 -> 0.22639097
A29: 38473 | B29: 2087.55 | C29: 13.94 | D29: 3.91 | E29: 6.979 | F29: =(E29/'Yearly GDP'!$B$4)*100 -> 984.13594 | G29: =1/C29 -> 0.071736011 | H29: =G29/E29*(100) -> 1.0278838 | I29: =_xlfn.PERCENTRANK.INC($C$3:$C$269,C29) -> 0.056 | J29: =_xlfn.PERCENTRANK.INC($D$3:$D$269,D29) -> 0.718 | K29: =_xlfn.PERCENTRANK.INC($H$3:$H$269,H29) -> 0.921 | L29: =_xlfn.PERCENTRANK.INC($F$3:$F$269,F29) -> 0.909 | M29: =(I29*0.4)+(J29*0.2)+(K29*0.2)+((1-L29)*0.2) -> 0.3684 | N29: 2087.55 | O29: 5086.3 | P29: =(O29/N29)^(1/5)-1 -> 0.19495903
A30: 38504 | B30: 2220.6 | C30: 14.31 | D30: 3.98 | E30: 6.907 | F30: =(E30/'Yearly GDP'!$B$4)*100 -> 973.98294 | G30: =1/C30 -> 0.069881202 | H30: =G30/E30*(100) -> 1.0117446 | I30: =_xlfn.PERCENTRANK.INC($C$3:$C$269,C30) -> 0.071 | J30: =_xlfn.PERCENTRANK.INC($D$3:$D$269,D30) -> 0.74 | K30: =_xlfn.PERCENTRANK.INC($H$3:$H$269,H30) -> 0.902 | L30: =_xlfn.PERCENTRANK.INC($F$3:$F$269,F30) -> 0.902 | M30: =(I30*0.4)+(J30*0.2)+(K30*0.2)+((1-L30)*0.2) -> 0.3764 | N30: 2220.6 | O30: 5312.5 | P30: =(O30/N30)^(1/5)-1 -> 0.19059957
A31: 38534 | B31: 2312.3 | C31: 14.1 | D31: 3.86 | E31: 6.96 | F31: =(E31/'Yearly GDP'!$B$4)*100 -> 981.45667 | G31: =1/C31 -> 0.070921986 | H31: =G31/E31*(100) -> 1.018994 | I31: =_xlfn.PERCENTRANK.INC($C$3:$C$269,C31) -> 0.06 | J31: =_xlfn.PERCENTRANK.INC($D$3:$D$269,D31) -> 0.691 | K31: =_xlfn.PERCENTRANK.INC($H$3:$H$269,H31) -> 0.913 | L31: =_xlfn.PERCENTRANK.INC($F$3:$F$269,F31) -> 0.906 | M31: =(I31*0.4)+(J31*0.2)+(K31*0.2)+((1-L31)*0.2) -> 0.3636 | N31: 2312.3 | O31: 5367.6 | P31: =(O31/N31)^(1/5)-1 -> 0.18344259
A32: 38565 | B32: 2384.65 | C32: 14.78 | D32: 3.89 | E32: 7.094 | F32: =(E32/'Yearly GDP'!$B$4)*100 -> 1000.3525 | G32: =1/C32 -> 0.067658999 | H32: =G32/E32*(100) -> 0.95374963 | I32: =_xlfn.PERCENTRANK.INC($C$3:$C$269,C32) -> 0.086 | J32: =_xlfn.PERCENTRANK.INC($D$3:$D$269,D32) -> 0.706 | K32: =_xlfn.PERCENTRANK.INC($H$3:$H$269,H32) -> 0.872 | L32: =_xlfn.PERCENTRANK.INC($F$3:$F$269,F32) -> 0.932 | M32: =(I32*0.4)+(J32*0.2)+(K32*0.2)+((1-L32)*0.2) -> 0.3636 | N32: 2384.65 | O32: 5402.4 | P32: =(O32/N32)^(1/5)-1 -> 0.17769388
A33: 38596 | B33: 2601.4 | C33: 16.15 | D33: 4.01 | E33: 7.101 | F33: =(E33/'Yearly GDP'!$B$4)*100 -> 1001.3396 | G33: =1/C33 -> 0.061919505 | H33: =G33/E33*(100) -> 0.87198288 | I33: =_xlfn.PERCENTRANK.INC($C$3:$C$269,C33) -> 0.116 | J33: =_xlfn.PERCENTRANK.INC($D$3:$D$269,D33) -> 0.751 | K33: =_xlfn.PERCENTRANK.INC($H$3:$H$269,H33) -> 0.857 | L33: =_xlfn.PERCENTRANK.INC($F$3:$F$269,F33) -> 0.939 | M33: =(I33*0.4)+(J33*0.2)+(K33*0.2)+((1-L33)*0.2) -> 0.3802 | N33: 2601.4 | O33: 6029.95 | P33: =(O33/N33)^(1/5)-1 -> 0.18309962
A34: 38626 | B34: 2370.95 | C34: 14.23 | D34: 3.63 | E34: 7.099 | F34: =(E34/'Yearly GDP'!$B$4)*100 -> 1001.0576 | G34: =1/C34 -> 0.070274069 | H34: =G34/E34*(100) -> 0.98991504 | I34: =_xlfn.PERCENTRANK.INC($C$3:$C$269,C34) -> 0.063 | J34: =_xlfn.PERCENTRANK.INC($D$3:$D$269,D34) -> 0.545 | K34: =_xlfn.PERCENTRANK.INC($H$3:$H$269,H34) -> 0.894 | L34: =_xlfn.PERCENTRANK.INC($F$3:$F$269,F34) -> 0.936 | M34: =(I34*0.4)+(J34*0.2)+(K34*0.2)+((1-L34)*0.2) -> 0.3258 | N34: 2370.95 | O34: 6017.7 | P34: =(O34/N34)^(1/5)-1 -> 0.20476302
A35: 38657 | B35: 2652.25 | C35: 15.95 | D35: 4.06 | E35: 7.083 | F35: =(E35/'Yearly GDP'!$B$4)*100 -> 998.80138 | G35: =1/C35 -> 0.062695925 | H35: =G35/E35*(100) -> 0.88516059 | I35: =_xlfn.PERCENTRANK.INC($C$3:$C$269,C35) -> 0.112 | J35: =_xlfn.PERCENTRANK.INC($D$3:$D$269,D35) -> 0.774 | K35: =_xlfn.PERCENTRANK.INC($H$3:$H$269,H35) -> 0.86 | L35: =_xlfn.PERCENTRANK.INC($F$3:$F$269,F35) -> 0.924 | M35: =(I35*0.4)+(J35*0.2)+(K35*0.2)+((1-L35)*0.2) -> 0.3868 | N35: 2652.25 | O35: 5862.7 | P35: =(O35/N35)^(1/5)-1 -> 0.17191643
A36: 38687 | B36: 2836.55 | C36: 17.16 | D36: 4.37 | E36: 7.11 | F36: =(E36/'Yearly GDP'!$B$4)*100 -> 1002.6088 | G36: =1/C36 -> 0.058275058 | H36: =G36/E36*(100) -> 0.81962107 | I36: =_xlfn.PERCENTRANK.INC($C$3:$C$269,C36) -> 0.154 | J36: =_xlfn.PERCENTRANK.INC($D$3:$D$269,D36) -> 0.853 | K36: =_xlfn.PERCENTRANK.INC($H$3:$H$269,H36) -> 0.845 | L36: =_xlfn.PERCENTRANK.INC($F$3:$F$269,F36) -> 0.947 | M36: =(I36*0.4)+(J36*0.2)+(K36*0.2)+((1-L36)*0.2) -> 0.4118 | N36: 2836.55 | O36: 6134.5 | P36: =(O36/N36)^(1/5)-1 -> 0.16680356
A37: 38718 | B37: 3001.1 | C37: 17.9 | D37: 4.53 | E37: 7.372 | F37: =(E37/'Yearly GDP'!$B$5)*100 -> 898.60796 | G37: =1/C37 -> 0.055865922 | H37: =G37/E37*(100) -> 0.75781229 | I37: =_xlfn.PERCENTRANK.INC($C$3:$C$269,C37) -> 0.21 | J37: =_xlfn.PERCENTRANK.INC($D$3:$D$269,D37) -> 0.894 | K37: =_xlfn.PERCENTRANK.INC($H$3:$H$269,H37) -> 0.842 | L37: =_xlfn.PERCENTRANK.INC($F$3:$F$269,F37) -> 0.849 | M37: =(I37*0.4)+(J37*0.2)+(K37*0.2)+((1-L37)*0.2) -> 0.4614 | N37: 3001.1 | O37: 5505.9 | P37: =(O37/N37)^(1/5)-1 -> 0.12904063
A38: 38749 | B38: 3074.7 | C38: 18.27 | D38: 4.64 | E38: 7.393 | F38: =(E38/'Yearly GDP'!$B$5)*100 -> 901.16775 | G38: =1/C38 -> 0.054734537 | H38: =G38/E38*(100) -> 0.74035625 | I38: =_xlfn.PERCENTRANK.INC($C$3:$C$269,C38) -> 0.236 | J38: =_xlfn.PERCENTRANK.INC($D$3:$D$269,D38) -> 0.906 | K38: =_xlfn.PERCENTRANK.INC($H$3:$H$269,H38) -> 0.815 | L38: =_xlfn.PERCENTRANK.INC($F$3:$F$269,F38) -> 0.857 | M38: =(I38*0.4)+(J38*0.2)+(K38*0.2)+((1-L38)*0.2) -> 0.4672 | N38: 3074.7 | O38: 5333.25 | P38: =(O38/N38)^(1/5)-1 -> 0.1164463
A39: 38777 | B39: 3402.55 | C39: 20.26 | D39: 5.15 | E39: 7.55 | F39: =(E39/'Yearly GDP'!$B$5)*100 -> 920.30522 | G39: =1/C39 -> 0.049358342 | H39: =G39/E39*(100) -> 0.65375287 | I39: =_xlfn.PERCENTRANK.INC($C$3:$C$269,C39) -> 0.357 | J39: =_xlfn.PERCENTRANK.INC($D$3:$D$269,D39) -> 0.951 | K39: =_xlfn.PERCENTRANK.INC($H$3:$H$269,H39) -> 0.605 | L39: =_xlfn.PERCENTRANK.INC($F$3:$F$269,F39) -> 0.864 | M39: =(I39*0.4)+(J39*0.2)+(K39*0.2)+((1-L39)*0.2) -> 0.4812 | N39: 3402.55 | O39: 5833.75 | P39: =(O39/N39)^(1/5)-1 -> 0.113855
A40: 38808 | B40: 3557.6 | C40: 20.31 | D40: 5.39 | E40: 7.39 | F40: =(E40/'Yearly GDP'!$B$5)*100 -> 900.80207 | G40: =1/C40 -> 0.049236829 | H40: =G40/E40*(100) -> 0.66626291 | I40: =_xlfn.PERCENTRANK.INC($C$3:$C$269,C40) -> 0.36 | J40: =_xlfn.PERCENTRANK.INC($D$3:$D$269,D40) -> 0.973 | K40: =_xlfn.PERCENTRANK.INC($H$3:$H$269,H40) -> 0.672 | L40: =_xlfn.PERCENTRANK.INC($F$3:$F$269,F40) -> 0.853 | M40: =(I40*0.4)+(J40*0.2)+(K40*0.2)+((1-L40)*0.2) -> 0.5024 | N40: 3557.6 | O40: 5749.5 | P40: =(O40/N40)^(1/5)-1 -> 0.10076495
A41: 38838 | B41: 3071.05 | C41: 17.46 | D41: 4.57 | E41: 7.659 | F41: =(E41/'Yearly GDP'!$B$5)*100 -> 933.59175 | G41: =1/C41 -> 0.057273769 | H41: =G41/E41*(100) -> 0.74779695 | I41: =_xlfn.PERCENTRANK.INC($C$3:$C$269,C41) -> 0.161 | J41: =_xlfn.PERCENTRANK.INC($D$3:$D$269,D41) -> 0.902 | K41: =_xlfn.PERCENTRANK.INC($H$3:$H$269,H41) -> 0.827 | L41: =_xlfn.PERCENTRANK.INC($F$3:$F$269,F41) -> 0.883 | M41: =(I41*0.4)+(J41*0.2)+(K41*0.2)+((1-L41)*0.2) -> 0.4336 | N41: 3071.05 | O41: 5560.15 | P41: =(O41/N41)^(1/5)-1 -> 0.12605583
A42: 38869 | B42: 3128.2 | C42: 18.44 | D42: 4.66 | E42: 8.151 | F42: =(E42/'Yearly GDP'!$B$5)*100 -> 993.56396 | G42: =1/C42 -> 0.054229935 | H42: =G42/E42*(100) -> 0.66531634 | I42: =_xlfn.PERCENTRANK.INC($C$3:$C$269,C42) -> 0.255 | J42: =_xlfn.PERCENTRANK.INC($D$3:$D$269,D42) -> 0.909 | K42: =_xlfn.PERCENTRANK.INC($H$3:$H$269,H42) -> 0.665 | L42: =_xlfn.PERCENTRANK.INC($F$3:$F$269,F42) -> 0.917 | M42: =(I42*0.4)+(J42*0.2)+(K42*0.2)+((1-L42)*0.2) -> 0.4334 | N42: 3128.2 | O42: 5647.4 | P42: =(O42/N42)^(1/5)-1 -> 0.1254101
A43: 38899 | B43: 3143.2 | C43: 17.64 | D43: 4.29 | E43: 8.238 | F43: =(E43/'Yearly GDP'!$B$5)*100 -> 1004.1688 | G43: =1/C43 -> 0.056689342 | H43: =G43/E43*(100) -> 0.68814448 | I43: =_xlfn.PERCENTRANK.INC($C$3:$C$269,C43) -> 0.176 | J43: =_xlfn.PERCENTRANK.INC($D$3:$D$269,D43) -> 0.842 | K43: =_xlfn.PERCENTRANK.INC($H$3:$H$269,H43) -> 0.729 | L43: =_xlfn.PERCENTRANK.INC($F$3:$F$269,F43) -> 0.951 | M43: =(I43*0.4)+(J43*0.2)+(K43*0.2)+((1-L43)*0.2) -> 0.3944 | N43: 3143.2 | O43: 5482 | P43: =(O43/N43)^(1/5)-1 -> 0.11766951
A44: 38930 | B44: 3413.9 | C44: 19.15 | D44: 4.55 | E44: 7.891 | F44: =(E44/'Yearly GDP'!$B$5)*100 -> 961.87133 | G44: =1/C44 -> 0.052219321 | H44: =G44/E44*(100) -> 0.66175797 | I44: =_xlfn.PERCENTRANK.INC($C$3:$C$269,C44) -> 0.304 | J44: =_xlfn.PERCENTRANK.INC($D$3:$D$269,D44) -> 0.898 | K44: =_xlfn.PERCENTRANK.INC($H$3:$H$269,H44) -> 0.642 | L44: =_xlfn.PERCENTRANK.INC($F$3:$F$269,F44) -> 0.894 | M44: =(I44*0.4)+(J44*0.2)+(K44*0.2)+((1-L44)*0.2) -> 0.4508 | N44: 3413.9 | O44: 5001 | P44: =(O44/N44)^(1/5)-1 -> 0.079347306
A45: 38961 | B45: 3588.4 | C45: 20.92 | D45: 4.76 | E45: 7.642 | F45: =(E45/'Yearly GDP'!$B$5)*100 -> 931.51954 | G45: =1/C45 -> 0.047801147 | H45: =G45/E45*(100) -> 0.62550572 | I45: =_xlfn.PERCENTRANK.INC($C$3:$C$269,C45) -> 0.466 | J45: =_xlfn.PERCENTRANK.INC($D$3:$D$269,D45) -> 0.913 | K45: =_xlfn.PERCENTRANK.INC($H$3:$H$269,H45) -> 0.484 | L45: =_xlfn.PERCENTRANK.INC($F$3:$F$269,F45) -> 0.879 | M45: =(I45*0.4)+(J45*0.2)+(K45*0.2)+((1-L45)*0.2) -> 0.49 | N45: 3588.4 | O45: 4943.25 | P45: =(O45/N45)^(1/5)-1 -> 0.066159904
A46: 38991 | B46: 3744.1 | C46: 20.37 | D46: 4.84 | E46: 7.625 | F46: =(E46/'Yearly GDP'!$B$5)*100 -> 929.44733 | G46: =1/C46 -> 0.049091802 | H46: =G46/E46*(100) -> 0.64382691 | I46: =_xlfn.PERCENTRANK.INC($C$3:$C$269,C46) -> 0.364 | J46: =_xlfn.PERCENTRANK.INC($D$3:$D$269,D46) -> 0.924 | K46: =_xlfn.PERCENTRANK.INC($H$3:$H$269,H46) -> 0.578 | L46: =_xlfn.PERCENTRANK.INC($F$3:$F$269,F46) -> 0.875 | M46: =(I46*0.4)+(J46*0.2)+(K46*0.2)+((1-L46)*0.2) -> 0.471 | N46: 3744.1 | O46: 5326.6 | P46: =(O46/N46)^(1/5)-1 -> 0.073051409
A47: 39022 | B47: 3954.5 | C47: 21.18 | D47: 5.08 | E47: 7.424 | F47: =(E47/'Yearly GDP'!$B$5)*100 -> 904.94649 | G47: =1/C47 -> 0.047214353 | H47: =G47/E47*(100) -> 0.6359692 | I47: =_xlfn.PERCENTRANK.INC($C$3:$C$269,C47) -> 0.488 | J47: =_xlfn.PERCENTRANK.INC($D$3:$D$269,D47) -> 0.939 | K47: =_xlfn.PERCENTRANK.INC($H$3:$H$269,H47) -> 0.53 | L47: =_xlfn.PERCENTRANK.INC($F$3:$F$269,F47) -> 0.86 | M47: =(I47*0.4)+(J47*0.2)+(K47*0.2)+((1-L47)*0.2) -> 0.517 | N47: 3954.5 | O47: 4832.05 | P47: =(O47/N47)^(1/5)-1 -> 0.040897506
A48: 39052 | B48: 3966.4 | C48: 21.26 | D48: 5.07 | E48: 7.619 | F48: =(E48/'Yearly GDP'!$B$5)*100 -> 928.71596 | G48: =1/C48 -> 0.047036689 | H48: =G48/E48*(100) -> 0.6173604 | I48: =_xlfn.PERCENTRANK.INC($C$3:$C$269,C48) -> 0.5 | J48: =_xlfn.PERCENTRANK.INC($D$3:$D$269,D48) -> 0.936 | K48: =_xlfn.PERCENTRANK.INC($H$3:$H$269,H48) -> 0.432 | L48: =_xlfn.PERCENTRANK.INC($F$3:$F$269,F48) -> 0.872 | M48: =(I48*0.4)+(J48*0.2)+(K48*0.2)+((1-L48)*0.2) -> 0.4992 | N48: 3966.4 | O48: 4624.3 | P48: =(O48/N48)^(1/5)-1 -> 0.031169119
A49: 39083 | B49: 4082.7 | C49: 19.85 | D49: 5.2 | E49: 7.738 | F49: =(E49/'Yearly GDP'!$B$6)*100 -> 822.96386 | G49: =1/C49 -> 0.050377834 | H49: =G49/E49*(100) -> 0.65104463 | I49: =_xlfn.PERCENTRANK.INC($C$3:$C$269,C49) -> 0.338 | J49: =_xlfn.PERCENTRANK.INC($D$3:$D$269,D49) -> 0.954 | K49: =_xlfn.PERCENTRANK.INC($H$3:$H$269,H49) -> 0.597 | L49: =_xlfn.PERCENTRANK.INC($F$3:$F$269,F49) -> 0.785 | M49: =(I49*0.4)+(J49*0.2)+(K49*0.2)+((1-L49)*0.2) -> 0.4884 | N49: 4082.7 | O49: 5199.25 | P49: =(O49/N49)^(1/5)-1 -> 0.049539157
A50: 39114 | B50: 3745.3 | C50: 18.01 | D50: 4.77 | E50: 8 | F50: =(E50/'Yearly GDP'!$B$6)*100 -> 850.82849 | G50: =1/C50 -> 0.055524708 | H50: =G50/E50*(100) -> 0.69405886 | I50: =_xlfn.PERCENTRANK.INC($C$3:$C$269,C50) -> 0.218 | J50: =_xlfn.PERCENTRANK.INC($D$3:$D$269,D50) -> 0.917 | K50: =_xlfn.PERCENTRANK.INC($H$3:$H$269,H50) -> 0.744 | L50: =_xlfn.PERCENTRANK.INC($F$3:$F$269,F50) -> 0.819 | M50: =(I50*0.4)+(J50*0.2)+(K50*0.2)+((1-L50)*0.2) -> 0.4556 | N50: 3745.3 | O50: 5385.2 | P50: =(O50/N50)^(1/5)-1 -> 0.075333177
A51: 39142 | B51: 3821.55 | C51: 18.4 | D51: 4.87 | E51: 8.022 | F51: =(E51/'Yearly GDP'!$B$6)*100 -> 853.16827 | G51: =1/C51 -> 0.054347826 | H51: =G51/E51*(100) -> 0.67748474 | I51: =_xlfn.PERCENTRANK.INC($C$3:$C$269,C51) -> 0.244 | J51: =_xlfn.PERCENTRANK.INC($D$3:$D$269,D51) -> 0.928 | K51: =_xlfn.PERCENTRANK.INC($H$3:$H$269,H51) -> 0.699 | L51: =_xlfn.PERCENTRANK.INC($F$3:$F$269,F51) -> 0.823 | M51: =(I51*0.4)+(J51*0.2)+(K51*0.2)+((1-L51)*0.2) -> 0.4584 | N51: 3821.55 | O51: 5295.55 | P51: =(O51/N51)^(1/5)-1 -> 0.067417467
A52: 39173 | B52: 4087.9 | C52: 19.48 | D52: 5.33 | E52: 8.173 | F52: =(E52/'Yearly GDP'!$B$6)*100 -> 869.22766 | G52: =1/C52 -> 0.051334702 | H52: =G52/E52*(100) -> 0.62810109 | I52: =_xlfn.PERCENTRANK.INC($C$3:$C$269,C52) -> 0.315 | J52: =_xlfn.PERCENTRANK.INC($D$3:$D$269,D52) -> 0.962 | K52: =_xlfn.PERCENTRANK.INC($H$3:$H$269,H52) -> 0.5 | L52: =_xlfn.PERCENTRANK.INC($F$3:$F$269,F52) -> 0.842 | M52: =(I52*0.4)+(J52*0.2)+(K52*0.2)+((1-L52)*0.2) -> 0.45 | N52: 4087.9 | O52: 5248.15 | P52: =(O52/N52)^(1/5)-1 -> 0.051238348
A53: 39203 | B53: 4295.8 | C53: 20.41 | D53: 5.59 | E53: 8.08 | F53: =(E53/'Yearly GDP'!$B$6)*100 -> 859.33678 | G53: =1/C53 -> 0.04899559 | H53: =G53/E53*(100) -> 0.60638107 | I53: =_xlfn.PERCENTRANK.INC($C$3:$C$269,C53) -> 0.372 | J53: =_xlfn.PERCENTRANK.INC($D$3:$D$269,D53) -> 0.988 | K53: =_xlfn.PERCENTRANK.INC($H$3:$H$269,H53) -> 0.383 | L53: =_xlfn.PERCENTRANK.INC($F$3:$F$269,F53) -> 0.83 | M53: =(I53*0.4)+(J53*0.2)+(K53*0.2)+((1-L53)*0.2) -> 0.457 | N53: 4295.8 | O53: 4924.25 | P53: =(O53/N53)^(1/5)-1 -> 0.027683084
A54: 39234 | B54: 4318.3 | C54: 20.6 | D54: 5.4 | E54: 8.187 | F54: =(E54/'Yearly GDP'!$B$6)*100 -> 870.71661 | G54: =1/C54 -> 0.048543689 | H54: =G54/E54*(100) -> 0.59293623 | I54: =_xlfn.PERCENTRANK.INC($C$3:$C$269,C54) -> 0.406 | J54: =_xlfn.PERCENTRANK.INC($D$3:$D$269,D54) -> 0.977 | K54: =_xlfn.PERCENTRANK.INC($H$3:$H$269,H54) -> 0.296 | L54: =_xlfn.PERCENTRANK.INC($F$3:$F$269,F54) -> 0.845 | M54: =(I54*0.4)+(J54*0.2)+(K54*0.2)+((1-L54)*0.2) -> 0.448 | N54: 4318.3 | O54: 5278.9 | P54: =(O54/N54)^(1/5)-1 -> 0.040988963
A55: 39264 | B55: 4528.85 | C55: 20.49 | D55: 5.31 | E55: 7.845 | F55: =(E55/'Yearly GDP'!$B$6)*100 -> 834.34369 | G55: =1/C55 -> 0.048804295 | H55: =G55/E55*(100) -> 0.62210701 | I55: =_xlfn.PERCENTRANK.INC($C$3:$C$269,C55) -> 0.394 | J55: =_xlfn.PERCENTRANK.INC($D$3:$D$269,D55) -> 0.958 | K55: =_xlfn.PERCENTRANK.INC($H$3:$H$269,H55) -> 0.451 | L55: =_xlfn.PERCENTRANK.INC($F$3:$F$269,F55) -> 0.796 | M55: =(I55*0.4)+(J55*0.2)+(K55*0.2)+((1-L55)*0.2) -> 0.4802 | N55: 4528.85 | O55: 5229 | P55: =(O55/N55)^(1/5)-1 -> 0.029167684
A56: 39295 | B56: 4464 | C56: 20.2 | D56: 5.08 | E56: 7.93 | F56: =(E56/'Yearly GDP'!$B$6)*100 -> 843.38374 | G56: =1/C56 -> 0.04950495 | H56: =G56/E56*(100) -> 0.62427428 | I56: =_xlfn.PERCENTRANK.INC($C$3:$C$269,C56) -> 0.349 | J56: =_xlfn.PERCENTRANK.INC($D$3:$D$269,D56) -> 0.939 | K56: =_xlfn.PERCENTRANK.INC($H$3:$H$269,H56) -> 0.473 | L56: =_xlfn.PERCENTRANK.INC($F$3:$F$269,F56) -> 0.812 | M56: =(I56*0.4)+(J56*0.2)+(K56*0.2)+((1-L56)*0.2) -> 0.4596 | N56: 4464 | O56: 5258.5 | P56: =(O56/N56)^(1/5)-1 -> 0.033302639
A57: 39326 | B57: 5021.35 | C57: 22.58 | D57: 5.36 | E57: 7.925 | F57: =(E57/'Yearly GDP'!$B$6)*100 -> 842.85198 | G57: =1/C57 -> 0.04428698 | H57: =G57/E57*(100) -> 0.55882624 | I57: =_xlfn.PERCENTRANK.INC($C$3:$C$269,C57) -> 0.669 | J57: =_xlfn.PERCENTRANK.INC($D$3:$D$269,D57) -> 0.966 | K57: =_xlfn.PERCENTRANK.INC($H$3:$H$269,H57) -> 0.176 | L57: =_xlfn.PERCENTRANK.INC($F$3:$F$269,F57) -> 0.808 | M57: =(I57*0.4)+(J57*0.2)+(K57*0.2)+((1-L57)*0.2) -> 0.5344 | N57: 5021.35 | O57: 5703.3 | P57: =(O57/N57)^(1/5)-1 -> 0.025796339
A58: 39356 | B58: 5900.65 | C58: 25.74 | D58: 6.18 | E58: 7.839 | F58: =(E58/'Yearly GDP'!$B$6)*100 -> 833.70557 | G58: =1/C58 -> 0.038850039 | H58: =G58/E58*(100) -> 0.49559942 | I58: =_xlfn.PERCENTRANK.INC($C$3:$C$269,C58) -> 0.842 | J58: =_xlfn.PERCENTRANK.INC($D$3:$D$269,D58) -> 0.996 | K58: =_xlfn.PERCENTRANK.INC($H$3:$H$269,H58) -> 0.06 | L58: =_xlfn.PERCENTRANK.INC($F$3:$F$269,F58) -> 0.793 | M58: =(I58*0.4)+(J58*0.2)+(K58*0.2)+((1-L58)*0.2) -> 0.5894 | N58: 5900.65 | O58: 5619.7 | P58: =(O58/N58)^(1/5)-1 -> -0.0097094029
A59: 39387 | B59: 5762.75 | C59: 25.21 | D59: 6.05 | E59: 7.905 | F59: =(E59/'Yearly GDP'!$B$6)*100 -> 840.72491 | G59: =1/C59 -> 0.039666799 | H59: =G59/E59*(100) -> 0.50179379 | I59: =_xlfn.PERCENTRANK.INC($C$3:$C$269,C59) -> 0.812 | J59: =_xlfn.PERCENTRANK.INC($D$3:$D$269,D59) -> 0.992 | K59: =_xlfn.PERCENTRANK.INC($H$3:$H$269,H59) -> 0.082 | L59: =_xlfn.PERCENTRANK.INC($F$3:$F$269,F59) -> 0.8 | M59: =(I59*0.4)+(J59*0.2)+(K59*0.2)+((1-L59)*0.2) -> 0.5796 | N59: 5762.75 | O59: 5879.85 | P59: =(O59/N59)^(1/5)-1 -> 0.0040313963
A60: 39417 | B60: 6138.6 | C60: 27.62 | D60: 6.39 | E60: 7.791 | F60: =(E60/'Yearly GDP'!$B$6)*100 -> 828.6006 | G60: =1/C60 -> 0.036205648 | H60: =G60/E60*(100) -> 0.46471118 | I60: =_xlfn.PERCENTRANK.INC($C$3:$C$269,C60) -> 0.924 | J60: =_xlfn.PERCENTRANK.INC($D$3:$D$269,D60) -> 1 | K60: =_xlfn.PERCENTRANK.INC($H$3:$H$269,H60) -> 0.022 | L60: =_xlfn.PERCENTRANK.INC($F$3:$F$269,F60) -> 0.789 | M60: =(I60*0.4)+(J60*0.2)+(K60*0.2)+((1-L60)*0.2) -> 0.6162 | N60: 6138.6 | O60: 5905.1 | P60: =(O60/N60)^(1/5)-1 -> -0.0077260631
A61: 39448 | B61: 5137.45 | C61: 21.97 | D61: 5.38 | E61: 7.529 | F61: =(E61/'Yearly GDP'!$B$7)*100 -> 617.13115 | G61: =1/C61 -> 0.045516614 | H61: =G61/E61*(100) -> 0.60455059 | I61: =_xlfn.PERCENTRANK.INC($C$3:$C$269,C61) -> 0.571 | J61: =_xlfn.PERCENTRANK.INC($D$3:$D$269,D61) -> 0.969 | K61: =_xlfn.PERCENTRANK.INC($H$3:$H$269,H61) -> 0.368 | L61: =_xlfn.PERCENTRANK.INC($F$3:$F$269,F61) -> 0.744 | M61: =(I61*0.4)+(J61*0.2)+(K61*0.2)+((1-L61)*0.2) -> 0.547 | N61: 5137.45 | O61: 6034.75 | P61: =(O61/N61)^(1/5)-1 -> 0.032719399
A62: 39479 | B62: 5223.5 | C62: 22.27 | D62: 5.47 | E62: 7.568 | F62: =(E62/'Yearly GDP'!$B$7)*100 -> 620.32787 | G62: =1/C62 -> 0.044903458 | H62: =G62/E62*(100) -> 0.59333321 | I62: =_xlfn.PERCENTRANK.INC($C$3:$C$269,C62) -> 0.624 | J62: =_xlfn.PERCENTRANK.INC($D$3:$D$269,D62) -> 0.981 | K62: =_xlfn.PERCENTRANK.INC($H$3:$H$269,H62) -> 0.3 | L62: =_xlfn.PERCENTRANK.INC($F$3:$F$269,F62) -> 0.751 | M62: =(I62*0.4)+(J62*0.2)+(K62*0.2)+((1-L62)*0.2) -> 0.5556 | N62: 5223.5 | O62: 5693.05 | P62: =(O62/N62)^(1/5)-1 -> 0.017364736
A63: 39508 | B63: 4734.5 | C63: 20.63 | D63: 5.09 | E63: 7.938 | F63: =(E63/'Yearly GDP'!$B$7)*100 -> 650.65574 | G63: =1/C63 -> 0.048473097 | H63: =G63/E63*(100) -> 0.61064623 | I63: =_xlfn.PERCENTRANK.INC($C$3:$C$269,C63) -> 0.409 | J63: =_xlfn.PERCENTRANK.INC($D$3:$D$269,D63) -> 0.947 | K63: =_xlfn.PERCENTRANK.INC($H$3:$H$269,H63) -> 0.402 | L63: =_xlfn.PERCENTRANK.INC($F$3:$F$269,F63) -> 0.759 | M63: =(I63*0.4)+(J63*0.2)+(K63*0.2)+((1-L63)*0.2) -> 0.4816 | N63: 4734.5 | O63: 5682.55 | P63: =(O63/N63)^(1/5)-1 -> 0.037179272
A64: 39539 | B64: 5165.9 | C64: 22.17 | D64: 5.55 | E64: 7.956 | F64: =(E64/'Yearly GDP'!$B$7)*100 -> 652.13115 | G64: =1/C64 -> 0.045105999 | H64: =G64/E64*(100) -> 0.56694318 | I64: =_xlfn.PERCENTRANK.INC($C$3:$C$269,C64) -> 0.601 | J64: =_xlfn.PERCENTRANK.INC($D$3:$D$269,D64) -> 0.984 | K64: =_xlfn.PERCENTRANK.INC($H$3:$H$269,H64) -> 0.21 | L64: =_xlfn.PERCENTRANK.INC($F$3:$F$269,F64) -> 0.763 | M64: =(I64*0.4)+(J64*0.2)+(K64*0.2)+((1-L64)*0.2) -> 0.5266 | N64: 5165.9 | O64: 5930.2 | P64: =(O64/N64)^(1/5)-1 -> 0.027980009
A65: 39569 | B65: 4870.1 | C65: 20.74 | D65: 5.01 | E65: 8.101 | F65: =(E65/'Yearly GDP'!$B$7)*100 -> 664.01639 | G65: =1/C65 -> 0.048216008 | H65: =G65/E65*(100) -> 0.59518587 | I65: =_xlfn.PERCENTRANK.INC($C$3:$C$269,C65) -> 0.439 | J65: =_xlfn.PERCENTRANK.INC($D$3:$D$269,D65) -> 0.932 | K65: =_xlfn.PERCENTRANK.INC($H$3:$H$269,H65) -> 0.312 | L65: =_xlfn.PERCENTRANK.INC($F$3:$F$269,F65) -> 0.766 | M65: =(I65*0.4)+(J65*0.2)+(K65*0.2)+((1-L65)*0.2) -> 0.4712 | N65: 4870.1 | O65: 5985.95 | P65: =(O65/N65)^(1/5)-1 -> 0.042123144
A66: 39600 | B66: 4040.55 | C66: 17.28 | D66: 4 | E66: 8.713 | F66: =(E66/'Yearly GDP'!$B$7)*100 -> 714.18033 | G66: =1/C66 -> 0.05787037 | H66: =G66/E66*(100) -> 0.66418421 | I66: =_xlfn.PERCENTRANK.INC($C$3:$C$269,C66) -> 0.157 | J66: =_xlfn.PERCENTRANK.INC($D$3:$D$269,D66) -> 0.748 | K66: =_xlfn.PERCENTRANK.INC($H$3:$H$269,H66) -> 0.654 | L66: =_xlfn.PERCENTRANK.INC($F$3:$F$269,F66) -> 0.778 | M66: =(I66*0.4)+(J66*0.2)+(K66*0.2)+((1-L66)*0.2) -> 0.3876 | N66: 4040.55 | O66: 5842.2 | P66: =(O66/N66)^(1/5)-1 -> 0.076532603
A67: 39630 | B67: 4332.95 | C67: 18.22 | D67: 3.99 | E67: 9.316 | F67: =(E67/'Yearly GDP'!$B$7)*100 -> 763.60656 | G67: =1/C67 -> 0.054884742 | H67: =G67/E67*(100) -> 0.58914493 | I67: =_xlfn.PERCENTRANK.INC($C$3:$C$269,C67) -> 0.233 | J67: =_xlfn.PERCENTRANK.INC($D$3:$D$269,D67) -> 0.744 | K67: =_xlfn.PERCENTRANK.INC($H$3:$H$269,H67) -> 0.278 | L67: =_xlfn.PERCENTRANK.INC($F$3:$F$269,F67) -> 0.781 | M67: =(I67*0.4)+(J67*0.2)+(K67*0.2)+((1-L67)*0.2) -> 0.3414 | N67: 4332.95 | O67: 5742 | P67: =(O67/N67)^(1/5)-1 -> 0.05792749
A68: 39661 | B68: 4360 | C68: 18.43 | D68: 3.83 | E68: 8.7 | F68: =(E68/'Yearly GDP'!$B$7)*100 -> 713.11475 | G68: =1/C68 -> 0.05425936 | H68: =G68/E68*(100) -> 0.6236708 | I68: =_xlfn.PERCENTRANK.INC($C$3:$C$269,C68) -> 0.251 | J68: =_xlfn.PERCENTRANK.INC($D$3:$D$269,D68) -> 0.684 | K68: =_xlfn.PERCENTRANK.INC($H$3:$H$269,H68) -> 0.469 | L68: =_xlfn.PERCENTRANK.INC($F$3:$F$269,F68) -> 0.774 | M68: =(I68*0.4)+(J68*0.2)+(K68*0.2)+((1-L68)*0.2) -> 0.3762 | N68: 4360 | O68: 5471.8 | P68: =(O68/N68)^(1/5)-1 -> 0.046474729
A69: 39692 | B69: 3921.2 | C69: 16.85 | D69: 3.26 | E69: 8.617 | F69: =(E69/'Yearly GDP'!$B$7)*100 -> 706.31148 | G69: =1/C69 -> 0.059347181 | H69: =G69/E69*(100) -> 0.68872207 | I69: =_xlfn.PERCENTRANK.INC($C$3:$C$269,C69) -> 0.139 | J69: =_xlfn.PERCENTRANK.INC($D$3:$D$269,D69) -> 0.27 | K69: =_xlfn.PERCENTRANK.INC($H$3:$H$269,H69) -> 0.736 | L69: =_xlfn.PERCENTRANK.INC($F$3:$F$269,F69) -> 0.77 | M69: =(I69*0.4)+(J69*0.2)+(K69*0.2)+((1-L69)*0.2) -> 0.3028 | N69: 3921.2 | O69: 5735.3 | P69: =(O69/N69)^(1/5)-1 -> 0.079014868
A70: 39722 | B70: 2885.6 | C70: 12.57 | D70: 2.42 | E70: 7.478 | F70: =(E70/'Yearly GDP'!$B$7)*100 -> 612.95082 | G70: =1/C70 -> 0.079554495 | H70: =G70/E70*(100) -> 1.0638472 | I70: =_xlfn.PERCENTRANK.INC($C$3:$C$269,C70) -> 0.011 | J70: =_xlfn.PERCENTRANK.INC($D$3:$D$269,D70) -> 0.022 | K70: =_xlfn.PERCENTRANK.INC($H$3:$H$269,H70) -> 0.932 | L70: =_xlfn.PERCENTRANK.INC($F$3:$F$269,F70) -> 0.74 | M70: =(I70*0.4)+(J70*0.2)+(K70*0.2)+((1-L70)*0.2) -> 0.2472 | N70: 2885.6 | O70: 6299.15 | P70: =(O70/N70)^(1/5)-1 -> 0.16898561
A71: 39753 | B71: 2755.1 | C71: 12.08 | D71: 2.32 | E71: 7.08 | F71: =(E71/'Yearly GDP'!$B$7)*100 -> 580.32787 | G71: =1/C71 -> 0.082781457 | H71: =G71/E71*(100) -> 1.1692296 | I71: =_xlfn.PERCENTRANK.INC($C$3:$C$269,C71) -> 0.007 | J71: =_xlfn.PERCENTRANK.INC($D$3:$D$269,D71) -> 0.015 | K71: =_xlfn.PERCENTRANK.INC($H$3:$H$269,H71) -> 0.947 | L71: =_xlfn.PERCENTRANK.INC($F$3:$F$269,F71) -> 0.68 | M71: =(I71*0.4)+(J71*0.2)+(K71*0.2)+((1-L71)*0.2) -> 0.2592 | N71: 2755.1 | O71: 6176.1 | P71: =(O71/N71)^(1/5)-1 -> 0.17520976
A72: 39783 | B72: 2959.15 | C72: 12.97 | D72: 2.44 | E72: 5.26 | F72: =(E72/'Yearly GDP'!$B$7)*100 -> 431.14754 | G72: =1/C72 -> 0.077101002 | H72: =G72/E72*(100) -> 1.4657985 | I72: =_xlfn.PERCENTRANK.INC($C$3:$C$269,C72) -> 0.026 | J72: =_xlfn.PERCENTRANK.INC($D$3:$D$269,D72) -> 0.026 | K72: =_xlfn.PERCENTRANK.INC($H$3:$H$269,H72) -> 0.992 | L72: =_xlfn.PERCENTRANK.INC($F$3:$F$269,F72) -> 0.488 | M72: =(I72*0.4)+(J72*0.2)+(K72*0.2)+((1-L72)*0.2) -> 0.3164 | N72: 2959.15 | O72: 6304 | P72: =(O72/N72)^(1/5)-1 -> 0.16329496
A73: 39814 | B73: 2874.8 | C73: 13.4 | D73: 2.39 | E73: 6.187 | F73: =(E73/'Yearly GDP'!$B$8)*100 -> 515.58333 | G73: =1/C73 -> 0.074626866 | H73: =G73/E73*(100) -> 1.2061882 | I73: =_xlfn.PERCENTRANK.INC($C$3:$C$269,C73) -> 0.045 | J73: =_xlfn.PERCENTRANK.INC($D$3:$D$269,D73) -> 0.018 | K73: =_xlfn.PERCENTRANK.INC($H$3:$H$269,H73) -> 0.962 | L73: =_xlfn.PERCENTRANK.INC($F$3:$F$269,F73) -> 0.646 | M73: =(I73*0.4)+(J73*0.2)+(K73*0.2)+((1-L73)*0.2) -> 0.2848 | N73: 2874.8 | O73: 6089.5 | P73: =(O73/N73)^(1/5)-1 -> 0.16196969
A74: 39845 | B74: 2763.65 | C74: 13.12 | D74: 2.29 | E74: 6.328 | F74: =(E74/'Yearly GDP'!$B$8)*100 -> 527.33333 | G74: =1/C74 -> 0.076219512 | H74: =G74/E74*(100) -> 1.2044803 | I74: =_xlfn.PERCENTRANK.INC($C$3:$C$269,C74) -> 0.03 | J74: =_xlfn.PERCENTRANK.INC($D$3:$D$269,D74) -> 0.011 | K74: =_xlfn.PERCENTRANK.INC($H$3:$H$269,H74) -> 0.958 | L74: =_xlfn.PERCENTRANK.INC($F$3:$F$269,F74) -> 0.657 | M74: =(I74*0.4)+(J74*0.2)+(K74*0.2)+((1-L74)*0.2) -> 0.2744 | N74: 2763.65 | O74: 6276.95 | P74: =(O74/N74)^(1/5)-1 -> 0.17829253
A75: 39873 | B75: 3020.95 | C75: 14.29 | D75: 2.5 | E75: 7.014 | F75: =(E75/'Yearly GDP'!$B$8)*100 -> 584.5 | G75: =1/C75 -> 0.069979006 | H75: =G75/E75*(100) -> 0.99770468 | I75: =_xlfn.PERCENTRANK.INC($C$3:$C$269,C75) -> 0.067 | J75: =_xlfn.PERCENTRANK.INC($D$3:$D$269,D75) -> 0.037 | K75: =_xlfn.PERCENTRANK.INC($H$3:$H$269,H75) -> 0.898 | L75: =_xlfn.PERCENTRANK.INC($F$3:$F$269,F75) -> 0.695 | M75: =(I75*0.4)+(J75*0.2)+(K75*0.2)+((1-L75)*0.2) -> 0.2748 | N75: 3020.95 | O75: 6704.2 | P75: =(O75/N75)^(1/5)-1 -> 0.17284517
A76: 39904 | B76: 3473.95 | C76: 16.53 | D76: 2.87 | E76: 6.242 | F76: =(E76/'Yearly GDP'!$B$8)*100 -> 520.16667 | G76: =1/C76 -> 0.060496068 | H76: =G76/E76*(100) -> 0.96917763 | I76: =_xlfn.PERCENTRANK.INC($C$3:$C$269,C76) -> 0.124 | J76: =_xlfn.PERCENTRANK.INC($D$3:$D$269,D76) -> 0.078 | K76: =_xlfn.PERCENTRANK.INC($H$3:$H$269,H76) -> 0.883 | L76: =_xlfn.PERCENTRANK.INC($F$3:$F$269,F76) -> 0.654 | M76: =(I76*0.4)+(J76*0.2)+(K76*0.2)+((1-L76)*0.2) -> 0.311 | N76: 3473.95 | O76: 6696.4 | P76: =(O76/N76)^(1/5)-1 -> 0.14025915
A77: 39934 | B77: 4448.95 | C77: 20.82 | D77: 3.63 | E77: 6.71 | F77: =(E77/'Yearly GDP'!$B$8)*100 -> 559.16667 | G77: =1/C77 -> 0.04803074 | H77: =G77/E77*(100) -> 0.71580834 | I77: =_xlfn.PERCENTRANK.INC($C$3:$C$269,C77) -> 0.447 | J77: =_xlfn.PERCENTRANK.INC($D$3:$D$269,D77) -> 0.545 | K77: =_xlfn.PERCENTRANK.INC($H$3:$H$269,H77) -> 0.778 | L77: =_xlfn.PERCENTRANK.INC($F$3:$F$269,F77) -> 0.665 | M77: =(I77*0.4)+(J77*0.2)+(K77*0.2)+((1-L77)*0.2) -> 0.5104 | N77: 4448.95 | O77: 7229.95 | P77: =(O77/N77)^(1/5)-1 -> 0.10198467
A78: 39965 | B78: 4291.1 | C78: 19.97 | D78: 3.56 | E78: 7.013 | F78: =(E78/'Yearly GDP'!$B$8)*100 -> 584.41667 | G78: =1/C78 -> 0.050075113 | H78: =G78/E78*(100) -> 0.71403269 | I78: =_xlfn.PERCENTRANK.INC($C$3:$C$269,C78) -> 0.345 | J78: =_xlfn.PERCENTRANK.INC($D$3:$D$269,D78) -> 0.503 | K78: =_xlfn.PERCENTRANK.INC($H$3:$H$269,H78) -> 0.774 | L78: =_xlfn.PERCENTRANK.INC($F$3:$F$269,F78) -> 0.691 | M78: =(I78*0.4)+(J78*0.2)+(K78*0.2)+((1-L78)*0.2) -> 0.4552 | N78: 4291.1 | O78: 7611.35 | P78: =(O78/N78)^(1/5)-1 -> 0.12144663
A79: 39995 | B79: 4636.45 | C79: 20.68 | D79: 3.73 | E79: 6.998 | F79: =(E79/'Yearly GDP'!$B$8)*100 -> 583.16667 | G79: =1/C79 -> 0.048355899 | H79: =G79/E79*(100) -> 0.69099599 | I79: =_xlfn.PERCENTRANK.INC($C$3:$C$269,C79) -> 0.421 | J79: =_xlfn.PERCENTRANK.INC($D$3:$D$269,D79) -> 0.627 | K79: =_xlfn.PERCENTRANK.INC($H$3:$H$269,H79) -> 0.74 | L79: =_xlfn.PERCENTRANK.INC($F$3:$F$269,F79) -> 0.687 | M79: =(I79*0.4)+(J79*0.2)+(K79*0.2)+((1-L79)*0.2) -> 0.5044 | N79: 4636.45 | O79: 7721.3 | P79: =(O79/N79)^(1/5)-1 -> 0.10739095
A80: 40026 | B80: 4662.1 | C80: 20.94 | D80: 3.66 | E80: 7.434 | F80: =(E80/'Yearly GDP'!$B$8)*100 -> 619.5 | G80: =1/C80 -> 0.047755492 | H80: =G80/E80*(100) -> 0.64239295 | I80: =_xlfn.PERCENTRANK.INC($C$3:$C$269,C80) -> 0.473 | J80: =_xlfn.PERCENTRANK.INC($D$3:$D$269,D80) -> 0.575 | K80: =_xlfn.PERCENTRANK.INC($H$3:$H$269,H80) -> 0.571 | L80: =_xlfn.PERCENTRANK.INC($F$3:$F$269,F80) -> 0.748 | M80: =(I80*0.4)+(J80*0.2)+(K80*0.2)+((1-L80)*0.2) -> 0.4688 | N80: 4662.1 | O80: 7954.35 | P80: =(O80/N80)^(1/5)-1 -> 0.11276799
A81: 40057 | B81: 5083.95 | C81: 22.9 | D81: 3.76 | E81: 7.215 | F81: =(E81/'Yearly GDP'!$B$8)*100 -> 601.25 | G81: =1/C81 -> 0.043668122 | H81: =G81/E81*(100) -> 0.60524078 | I81: =_xlfn.PERCENTRANK.INC($C$3:$C$269,C81) -> 0.706 | J81: =_xlfn.PERCENTRANK.INC($D$3:$D$269,D81) -> 0.642 | K81: =_xlfn.PERCENTRANK.INC($H$3:$H$269,H81) -> 0.372 | L81: =_xlfn.PERCENTRANK.INC($F$3:$F$269,F81) -> 0.718 | M81: =(I81*0.4)+(J81*0.2)+(K81*0.2)+((1-L81)*0.2) -> 0.5416 | N81: 5083.95 | O81: 7964.8 | P81: =(O81/N81)^(1/5)-1 -> 0.093943069
A82: 40087 | B82: 4711.7 | C82: 20.45 | D82: 3.53 | E82: 7.306 | F82: =(E82/'Yearly GDP'!$B$8)*100 -> 608.83333 | G82: =1/C82 -> 0.048899756 | H82: =G82/E82*(100) -> 0.66930955 | I82: =_xlfn.PERCENTRANK.INC($C$3:$C$269,C82) -> 0.387 | J82: =_xlfn.PERCENTRANK.INC($D$3:$D$269,D82) -> 0.466 | K82: =_xlfn.PERCENTRANK.INC($H$3:$H$269,H82) -> 0.684 | L82: =_xlfn.PERCENTRANK.INC($F$3:$F$269,F82) -> 0.736 | M82: =(I82*0.4)+(J82*0.2)+(K82*0.2)+((1-L82)*0.2) -> 0.4376 | N82: 4711.7 | O82: 8322.2 | P82: =(O82/N82)^(1/5)-1 -> 0.12050063
A83: 40118 | B83: 5032.7 | C83: 22.37 | D83: 3.56 | E83: 7.257 | F83: =(E83/'Yearly GDP'!$B$8)*100 -> 604.75 | G83: =1/C83 -> 0.044702727 | H83: =G83/E83*(100) -> 0.61599458 | I83: =_xlfn.PERCENTRANK.INC($C$3:$C$269,C83) -> 0.65 | J83: =_xlfn.PERCENTRANK.INC($D$3:$D$269,D83) -> 0.503 | K83: =_xlfn.PERCENTRANK.INC($H$3:$H$269,H83) -> 0.424 | L83: =_xlfn.PERCENTRANK.INC($F$3:$F$269,F83) -> 0.729 | M83: =(I83*0.4)+(J83*0.2)+(K83*0.2)+((1-L83)*0.2) -> 0.4996 | N83: 5032.7 | O83: 8588.25 | P83: =(O83/N83)^(1/5)-1 -> 0.11280925
A84: 40148 | B84: 5201.05 | C84: 23.17 | D84: 3.65 | E84: 7.679 | F84: =(E84/'Yearly GDP'!$B$8)*100 -> 639.91667 | G84: =1/C84 -> 0.043159258 | H84: =G84/E84*(100) -> 0.56204268 | I84: =_xlfn.PERCENTRANK.INC($C$3:$C$269,C84) -> 0.725 | J84: =_xlfn.PERCENTRANK.INC($D$3:$D$269,D84) -> 0.56 | K84: =_xlfn.PERCENTRANK.INC($H$3:$H$269,H84) -> 0.191 | L84: =_xlfn.PERCENTRANK.INC($F$3:$F$269,F84) -> 0.755 | M84: =(I84*0.4)+(J84*0.2)+(K84*0.2)+((1-L84)*0.2) -> 0.4892 | N84: 5201.05 | O84: 8282.7 | P84: =(O84/N84)^(1/5)-1 -> 0.097529445
A85: 40179 | B85: 4882.05 | C85: 21 | D85: 3.43 | E85: 7.591 | F85: =(E85/'Yearly GDP'!$B$9)*100 -> 566.49254 | G85: =1/C85 -> 0.047619048 | H85: =G85/E85*(100) -> 0.62730928 | I85: =_xlfn.PERCENTRANK.INC($C$3:$C$269,C85) -> 0.477 | J85: =_xlfn.PERCENTRANK.INC($D$3:$D$269,D85) -> 0.36 | K85: =_xlfn.PERCENTRANK.INC($H$3:$H$269,H85) -> 0.496 | L85: =_xlfn.PERCENTRANK.INC($F$3:$F$269,F85) -> 0.676 | M85: =(I85*0.4)+(J85*0.2)+(K85*0.2)+((1-L85)*0.2) -> 0.4268 | N85: 4882.05 | O85: 8761.4 | P85: =(O85/N85)^(1/5)-1 -> 0.12407233
A86: 40210 | B86: 4922.3 | C86: 20.92 | D86: 3.46 | E86: 7.864 | F86: =(E86/'Yearly GDP'!$B$9)*100 -> 586.86567 | G86: =1/C86 -> 0.047801147 | H86: =G86/E86*(100) -> 0.60784775 | I86: =_xlfn.PERCENTRANK.INC($C$3:$C$269,C86) -> 0.466 | J86: =_xlfn.PERCENTRANK.INC($D$3:$D$269,D86) -> 0.39 | K86: =_xlfn.PERCENTRANK.INC($H$3:$H$269,H86) -> 0.387 | L86: =_xlfn.PERCENTRANK.INC($F$3:$F$269,F86) -> 0.706 | M86: =(I86*0.4)+(J86*0.2)+(K86*0.2)+((1-L86)*0.2) -> 0.4006 | N86: 4922.3 | O86: 8491 | P86: =(O86/N86)^(1/5)-1 -> 0.11521384
A87: 40238 | B87: 5249.1 | C87: 22.33 | D87: 3.7 | E87: 7.85 | F87: =(E87/'Yearly GDP'!$B$9)*100 -> 585.8209 | G87: =1/C87 -> 0.044782803 | H87: =G87/E87*(100) -> 0.57048157 | I87: =_xlfn.PERCENTRANK.INC($C$3:$C$269,C87) -> 0.639 | J87: =_xlfn.PERCENTRANK.INC($D$3:$D$269,D87) -> 0.605 | K87: =_xlfn.PERCENTRANK.INC($H$3:$H$269,H87) -> 0.225 | L87: =_xlfn.PERCENTRANK.INC($F$3:$F$269,F87) -> 0.699 | M87: =(I87*0.4)+(J87*0.2)+(K87*0.2)+((1-L87)*0.2) -> 0.4818 | N87: 5249.1 | O87: 8181.5 | P87: =(O87/N87)^(1/5)-1 -> 0.092822474
A88: 40269 | B88: 5278 | C88: 22.29 | D88: 3.75 | E88: 8.061 | F88: =(E88/'Yearly GDP'!$B$9)*100 -> 601.56716 | G88: =1/C88 -> 0.044863167 | H88: =G88/E88*(100) -> 0.55654593 | I88: =_xlfn.PERCENTRANK.INC($C$3:$C$269,C88) -> 0.627 | J88: =_xlfn.PERCENTRANK.INC($D$3:$D$269,D88) -> 0.635 | K88: =_xlfn.PERCENTRANK.INC($H$3:$H$269,H88) -> 0.169 | L88: =_xlfn.PERCENTRANK.INC($F$3:$F$269,F88) -> 0.721 | M88: =(I88*0.4)+(J88*0.2)+(K88*0.2)+((1-L88)*0.2) -> 0.4674 | N88: 5278 | O88: 8433.65 | P88: =(O88/N88)^(1/5)-1 -> 0.098270295
A89: 40299 | B89: 5086.3 | C89: 21.3 | D89: 3.61 | E89: 7.564 | F89: =(E89/'Yearly GDP'!$B$9)*100 -> 564.47761 | G89: =1/C89 -> 0.046948357 | H89: =G89/E89*(100) -> 0.62068161 | I89: =_xlfn.PERCENTRANK.INC($C$3:$C$269,C89) -> 0.503 | J89: =_xlfn.PERCENTRANK.INC($D$3:$D$269,D89) -> 0.526 | K89: =_xlfn.PERCENTRANK.INC($H$3:$H$269,H89) -> 0.443 | L89: =_xlfn.PERCENTRANK.INC($F$3:$F$269,F89) -> 0.672 | M89: =(I89*0.4)+(J89*0.2)+(K89*0.2)+((1-L89)*0.2) -> 0.4606 | N89: 5086.3 | O89: 8368.5 | P89: =(O89/N89)^(1/5)-1 -> 0.10471215
A90: 40330 | B90: 5312.5 | C90: 22.25 | D90: 3.78 | E90: 7.561 | F90: =(E90/'Yearly GDP'!$B$9)*100 -> 564.25373 | G90: =1/C90 -> 0.04494382 | H90: =G90/E90*(100) -> 0.59441635 | I90: =_xlfn.PERCENTRANK.INC($C$3:$C$269,C90) -> 0.616 | J90: =_xlfn.PERCENTRANK.INC($D$3:$D$269,D90) -> 0.654 | K90: =_xlfn.PERCENTRANK.INC($H$3:$H$269,H90) -> 0.308 | L90: =_xlfn.PERCENTRANK.INC($F$3:$F$269,F90) -> 0.669 | M90: =(I90*0.4)+(J90*0.2)+(K90*0.2)+((1-L90)*0.2) -> 0.505 | N90: 5312.5 | O90: 8532.85 | P90: =(O90/N90)^(1/5)-1 -> 0.099408356
A91: 40360 | B91: 5367.6 | C91: 22.31 | D91: 3.78 | E91: 7.803 | F91: =(E91/'Yearly GDP'!$B$9)*100 -> 582.31343 | G91: =1/C91 -> 0.044822949 | H91: =G91/E91*(100) -> 0.57443226 | I91: =_xlfn.PERCENTRANK.INC($C$3:$C$269,C91) -> 0.631 | J91: =_xlfn.PERCENTRANK.INC($D$3:$D$269,D91) -> 0.654 | K91: =_xlfn.PERCENTRANK.INC($H$3:$H$269,H91) -> 0.236 | L91: =_xlfn.PERCENTRANK.INC($F$3:$F$269,F91) -> 0.684 | M91: =(I91*0.4)+(J91*0.2)+(K91*0.2)+((1-L91)*0.2) -> 0.4936 | N91: 5367.6 | O91: 7971.3 | P91: =(O91/N91)^(1/5)-1 -> 0.082305342
A92: 40391 | B92: 5402.4 | C92: 22.73 | D92: 3.54 | E92: 7.936 | F92: =(E92/'Yearly GDP'!$B$9)*100 -> 592.23881 | G92: =1/C92 -> 0.043994721 | H92: =G92/E92*(100) -> 0.55436896 | I92: =_xlfn.PERCENTRANK.INC($C$3:$C$269,C92) -> 0.687 | J92: =_xlfn.PERCENTRANK.INC($D$3:$D$269,D92) -> 0.484 | K92: =_xlfn.PERCENTRANK.INC($H$3:$H$269,H92) -> 0.165 | L92: =_xlfn.PERCENTRANK.INC($F$3:$F$269,F92) -> 0.714 | M92: =(I92*0.4)+(J92*0.2)+(K92*0.2)+((1-L92)*0.2) -> 0.4618 | N92: 5402.4 | O92: 7948.9 | P92: =(O92/N92)^(1/5)-1 -> 0.080299212
A93: 40422 | B93: 6029.95 | C93: 25.46 | D93: 3.82 | E93: 7.852 | F93: =(E93/'Yearly GDP'!$B$9)*100 -> 585.97015 | G93: =1/C93 -> 0.039277298 | H93: =G93/E93*(100) -> 0.5002203 | I93: =_xlfn.PERCENTRANK.INC($C$3:$C$269,C93) -> 0.819 | J93: =_xlfn.PERCENTRANK.INC($D$3:$D$269,D93) -> 0.676 | K93: =_xlfn.PERCENTRANK.INC($H$3:$H$269,H93) -> 0.071 | L93: =_xlfn.PERCENTRANK.INC($F$3:$F$269,F93) -> 0.703 | M93: =(I93*0.4)+(J93*0.2)+(K93*0.2)+((1-L93)*0.2) -> 0.5364 | N93: 6029.95 | O93: 8065.8 | P93: =(O93/N93)^(1/5)-1 -> 0.059904528
A94: 40452 | B94: 6017.7 | C94: 24.71 | D94: 3.78 | E94: 8.121 | F94: =(E94/'Yearly GDP'!$B$9)*100 -> 606.04478 | G94: =1/C94 -> 0.040469446 | H94: =G94/E94*(100) -> 0.49833082 | I94: =_xlfn.PERCENTRANK.INC($C$3:$C$269,C94) -> 0.804 | J94: =_xlfn.PERCENTRANK.INC($D$3:$D$269,D94) -> 0.654 | K94: =_xlfn.PERCENTRANK.INC($H$3:$H$269,H94) -> 0.063 | L94: =_xlfn.PERCENTRANK.INC($F$3:$F$269,F94) -> 0.733 | M94: =(I94*0.4)+(J94*0.2)+(K94*0.2)+((1-L94)*0.2) -> 0.5184 | N94: 6017.7 | O94: 7935.25 | P94: =(O94/N94)^(1/5)-1 -> 0.056880819
A95: 40483 | B95: 5862.7 | C95: 23.39 | D95: 3.69 | E95: 8.066 | F95: =(E95/'Yearly GDP'!$B$9)*100 -> 601.9403 | G95: =1/C95 -> 0.042753313 | H95: =G95/E95*(100) -> 0.53004356 | I95: =_xlfn.PERCENTRANK.INC($C$3:$C$269,C95) -> 0.744 | J95: =_xlfn.PERCENTRANK.INC($D$3:$D$269,D95) -> 0.59 | K95: =_xlfn.PERCENTRANK.INC($H$3:$H$269,H95) -> 0.12 | L95: =_xlfn.PERCENTRANK.INC($F$3:$F$269,F95) -> 0.725 | M95: =(I95*0.4)+(J95*0.2)+(K95*0.2)+((1-L95)*0.2) -> 0.4946 | N95: 5862.7 | O95: 7946.35 | P95: =(O95/N95)^(1/5)-1 -> 0.062708131
A96: 40513 | B96: 6134.5 | C96: 24.48 | D96: 3.87 | E96: 7.913 | F96: =(E96/'Yearly GDP'!$B$9)*100 -> 590.52239 | G96: =1/C96 -> 0.040849673 | H96: =G96/E96*(100) -> 0.51623497 | I96: =_xlfn.PERCENTRANK.INC($C$3:$C$269,C96) -> 0.796 | J96: =_xlfn.PERCENTRANK.INC($D$3:$D$269,D96) -> 0.699 | K96: =_xlfn.PERCENTRANK.INC($H$3:$H$269,H96) -> 0.112 | L96: =_xlfn.PERCENTRANK.INC($F$3:$F$269,F96) -> 0.71 | M96: =(I96*0.4)+(J96*0.2)+(K96*0.2)+((1-L96)*0.2) -> 0.5386 | N96: 6134.5 | O96: 7563.55 | P96: =(O96/N96)^(1/5)-1 -> 0.042771859
A97: 40544 | B97: 5505.9 | C97: 21.06 | D97: 3.47 | E97: 8.148 | F97: =(E97/'Yearly GDP'!$B$10)*100 -> 485 | G97: =1/C97 -> 0.047483381 | H97: =G97/E97*(100) -> 0.58276118 | I97: =_xlfn.PERCENTRANK.INC($C$3:$C$269,C97) -> 0.481 | J97: =_xlfn.PERCENTRANK.INC($D$3:$D$269,D97) -> 0.398 | K97: =_xlfn.PERCENTRANK.INC($H$3:$H$269,H97) -> 0.259 | L97: =_xlfn.PERCENTRANK.INC($F$3:$F$269,F97) -> 0.616 | M97: =(I97*0.4)+(J97*0.2)+(K97*0.2)+((1-L97)*0.2) -> 0.4006 | N97: 5505.9 | O97: 6987.05 | P97: =(O97/N97)^(1/5)-1 -> 0.048801033
A98: 40575 | B98: 5333.25 | C98: 20.42 | D98: 3.38 | E98: 7.992 | F98: =(E98/'Yearly GDP'!$B$10)*100 -> 475.71429 | G98: =1/C98 -> 0.048971596 | H98: =G98/E98*(100) -> 0.61275771 | I98: =_xlfn.PERCENTRANK.INC($C$3:$C$269,C98) -> 0.375 | J98: =_xlfn.PERCENTRANK.INC($D$3:$D$269,D98) -> 0.33 | K98: =_xlfn.PERCENTRANK.INC($H$3:$H$269,H98) -> 0.409 | L98: =_xlfn.PERCENTRANK.INC($F$3:$F$269,F98) -> 0.593 | M98: =(I98*0.4)+(J98*0.2)+(K98*0.2)+((1-L98)*0.2) -> 0.3792 | N98: 5333.25 | O98: 7738.4 | P98: =(O98/N98)^(1/5)-1 -> 0.07728806
A99: 40603 | B99: 5833.75 | C99: 22.14 | D99: 3.7 | E99: 7.985 | F99: =(E99/'Yearly GDP'!$B$10)*100 -> 475.29762 | G99: =1/C99 -> 0.045167118 | H99: =G99/E99*(100) -> 0.56564957 | I99: =_xlfn.PERCENTRANK.INC($C$3:$C$269,C99) -> 0.597 | J99: =_xlfn.PERCENTRANK.INC($D$3:$D$269,D99) -> 0.605 | K99: =_xlfn.PERCENTRANK.INC($H$3:$H$269,H99) -> 0.206 | L99: =_xlfn.PERCENTRANK.INC($F$3:$F$269,F99) -> 0.59 | M99: =(I99*0.4)+(J99*0.2)+(K99*0.2)+((1-L99)*0.2) -> 0.483 | N99: 5833.75 | O99: 7849.8 | P99: =(O99/N99)^(1/5)-1 -> 0.061163139
A100: 40634 | B100: 5749.5 | C100: 21.36 | D100: 3.65 | E100: 8.135 | F100: =(E100/'Yearly GDP'!$B$10)*100 -> 484.22619 | G100: =1/C100 -> 0.046816479 | H100: =G100/E100*(100) -> 0.57549452 | I100: =_xlfn.PERCENTRANK.INC($C$3:$C$269,C100) -> 0.511 | J100: =_xlfn.PERCENTRANK.INC($D$3:$D$269,D100) -> 0.56 | K100: =_xlfn.PERCENTRANK.INC($H$3:$H$269,H100) -> 0.24 | L100: =_xlfn.PERCENTRANK.INC($F$3:$F$269,F100) -> 0.612 | M100: =(I100*0.4)+(J100*0.2)+(K100*0.2)+((1-L100)*0.2) -> 0.442 | N100: 5749.5 | O100: 8160.1 | P100: =(O100/N100)^(1/5)-1 -> 0.072538969
...

Sheet Yearly GDP
A1: Year | B1: (USD) in Trillions | C1: GDP | D1: CY changes
A2: 2002 | B2: =C2/1000 -> 0.51494 | C2: 514.94
A3: 2003 | B3: 0.6077 | C3: =B3*1000 -> 607.7 | D3: =(C3-C2)/C2 -> 0.18013749
A4: 2004 | B4: 0.70915 | C4: =B4*1000 -> 709.15 | D4: =(C4-C3)/C3 -> 0.16694092
A5: 2005 | B5: 0.82038 | C5: =B5*1000 -> 820.38 | D5: =(C5-C4)/C4 -> 0.15684975
A6: 2006 | B6: 0.94026 | C6: =B6*1000 -> 940.26 | D6: =(C6-C5)/C5 -> 0.1461274
A7: 2007 | B7: 1.22 | C7: =B7*1000 -> 1220 | D7: =(C7-C6)/C6 -> 0.29751345
A8: 2008 | B8: 1.2 | C8: =B8*1000 -> 1200 | D8: =(C8-C7)/C7 -> -0.016393443
A9: 2009 | B9: 1.34 | C9: =B9*1000 -> 1340 | D9: =(C9-C8)/C8 -> 0.11666667
A10: 2010 | B10: 1.68 | C10: =B10*1000 -> 1680 | D10: =(C10-C9)/C9 -> 0.25373134
A11: 2011 | B11: 1.82 | C11: =B11*1000 -> 1820 | D11: =(C11-C10)/C10 -> 0.083333333
A12: 2012 | B12: 1.83 | C12: =B12*1000 -> 1830 | D12: =(C12-C11)/C11 -> 0.0054945055
A13: 2013 | B13: 1.86 | C13: =B13*1000 -> 1860 | D13: =(C13-C12)/C12 -> 0.016393443
A14: 2014 | B14: 2.04 | C14: =B14*1000 -> 2040 | D14: =(C14-C13)/C13 -> 0.096774194
... A24: 2024 | B24: 3.68 | C24: =B24*1000 -> 3680 | D24: =(C24-C23)/C23 -> 0.030812325
A25: 2025
